AGE;EDU;PM;NHH;DD;LW
67;10;;1;;7
23;15;100;3;50;8
42;15;100;4;40;7
60;10;;2;50;6
29;13;60;3;90;8
27;10;100;3;90;9
59;10;;1;;7
30;17;100;4;25;7
20;13;;4;0;
55;13;;3;40;8
60;18;72;1;;8
35;16;100;3;40;9
21;14;65;1;;7
25;15;85;4;15;7
55;17;100;1;;8
59;12;;2;50;7
24;13;90;4;40;7
52;13;100;3;33;7
63;9;;2;50;7
29;12;100;3;50;6
62;14;100;2;50;7
28;14;100;5;25;6
39;16;0;4;25;6
60;13;;3;33;7
35;16;100;3;40;8
55;10;100;3;50;8
65;7;;1;;7
23;15;100;2;50;8
32;16;100;3;40;7
28;11;100;3;80;7
36;14;100;3;20;7
58;12;100;3;70;7
56;11;100;2;30;7
62;10;100;1;;7
61;14;100;3;65;8
50;10;;3;30;7
25;10;100;5;50;8
60;8;;2;50;7
50;13;100;2;100;7
20;12;;3;0;
62;10;;2;50;7
60;10;;2;30;6
46;10;;5;35;7
66;12;;2;50;7
31;13;100;2;100;8
28;14;100;4;70;8
19;11;;2;0;
25;12;10;3;30;7
38;9;70;1;;8
39;12;0;5;40;7
41;16;100;4;50;8
18;10;;5;0;
40;14;100;4;45;8
24;14;100;3;;7
27;14;100;5;20;7
29;15;;3;0;
32;14;100;5;40;6
25;15;100;1;;7
19;12;;4;0;
26;15;;2;0;
29;15;100;2;25;7
24;14;100;2;55;8
21;13;;3;2;6
51;13;100;2;50;7
30;11;90;3;60;8
52;15;;2;20;8
32;12;100;3;30;6
24;11;100;5;70;8
59;11;;2;40;7
65;7;;2;100;7
37;16;20;6;60;8
47;18;100;1;;6
38;11;100;5;40;7
27;15;0;2;70;9
53;12;;1;;8
35;12;100;5;40;7
22;11;70;2;100;8
25;16;100;3;30;7
49;12;100;1;;7
29;15;100;3;70;8
34;14;100;4;85;9
43;13;0;3;100;7
24;13;100;2;100;7
63;10;;3;25;7
59;10;;1;;7
34;13;;4;100;8
63;8;;1;;7
55;8;;1;;7
61;7;;3;30;7
50;10;100;4;40;8
35;12;100;3;50;8
68;12;;1;;7
31;13;100;3;50;7
52;13;;1;;7
48;10;100;4;;7
63;9;;2;50;7
31;12;0;2;40;6
40;11;;3;0;
63;13;;2;50;7
32;12;100;1;;8
52;10;100;3;95;8
51;12;100;4;30;7
44;12;100;4;20;7
43;12;100;3;;8
47;11;;4;0;
70;11;;1;;7
31;11;100;3;40;7
34;12;100;4;70;8
55;13;100;2;70;8
38;11;100;4;30;7
45;12;;4;0;
71;8;;3;40;7
48;15;100;4;30;7
44;11;100;4;50;8
36;12;100;5;50;7
49;9;;1;;
44;11;100;3;20;6
22;11;100;3;40;8
25;11;;3;20;5
26;13;100;4;50;7
36;9;;3;50;7
36;12;100;1;;6
61;12;;2;40;6
52;12;100;3;90;8
55;13;100;2;30;7
42;12;100;1;;7
52;11;;3;10;7
44;15;100;4;40;7
40;10;100;4;88;7
49;20;100;4;100;8
52;12;100;4;27;6
68;4;;1;;7
45;15;85;2;100;8
36;10;100;4;32;7
30;16;100;3;30;8
41;14;100;4;100;9
39;10;100;4;10;6
62;9;;2;20;7
70;8;;1;;7
42;12;100;3;30;9
68;9;0;2;60;7
62;8;100;2;50;7
22;14;0;5;5;6
34;11;100;3;20;7
52;15;100;2;30;7
31;10;100;3;80;8
35;16;100;3;100;7
32;11;;4;5;6
64;8;;2;30;7
30;12;100;2;60;8
41;12;90;4;70;9
48;15;;2;0;
66;5;;2;52;7
49;9;;3;29;7
27;15;100;3;7;6
69;3;;1;;7
33;16;100;3;50;8
63;7;;2;30;7
39;15;60;4;90;10
64;12;100;2;70;7
50;12;100;4;47;8
36;11;100;4;50;8
72;3;;2;85;7
65;9;;4;80;7
56;10;;2;50;7
49;12;100;5;57;8
50;4;100;4;50;7
22;11;;6;0;
59;13;;2;40;7
55;11;;2;50;7
26;12;;3;0;
45;12;;3;0;
52;11;100;3;50;7
44;14;100;3;60;7
20;13;;3;0;
37;10;;2;90;8
28;9;0;2;0;
63;10;100;2;62;7
69;9;;2;100;7
72;10;;2;100;7
24;11;0;5;5;5
18;10;0;5;10;6
39;18;100;4;25;6
38;12;100;5;30;7
31;12;100;4;60;8
31;12;100;4;70;7
32;13;90;4;70;8
38;17;100;3;15;6
43;9;100;4;40;7
31;12;100;4;70;7
38;11;100;4;50;7
21;14;80;3;75;8
48;17;100;3;60;8
30;12;;4;10;4
35;15;100;3;60;7
21;15;0;4;22;7
32;14;70;5;60;8
23;12;100;3;60;7
24;18;85;3;40;7
24;11;100;4;70;6
58;14;100;2;40;9
22;13;;4;3;6
49;14;80;3;75;8
19;12;100;4;15;7
30;16;100;1;;10
67;14;100;2;70;8
18;11;;4;3;6
33;15;80;3;70;9
59;18;100;1;;7
74;15;;1;;7
37;16;0;3;30;8
54;19;100;2;80;10
30;14;90;3;90;9
67;15;;2;40;7
25;17;;3;5;6
78;10;;1;;7
51;14;100;3;70;9
67;17;0;2;30;6
26;15;100;5;30;8
50;14;90;3;80;8
25;13;100;3;75;9
28;14;100;2;50;9
35;14;100;3;70;8
53;17;100;2;90;8
30;10;100;3;;9
27;15;;3;10;6
51;13;100;3;60;8
58;11;100;5;15;8
71;19;;1;;8
54;20;100;2;95;9
25;17;0;4;3;6
27;15;80;4;30;9
30;16;0;3;72;9
21;14;0;1;;6
64;8;0;2;65;8
27;16;;3;5;8
28;14;100;3;50;8
53;23;30;1;;10
45;17;75;2;97;9
36;14;100;4;28;8
71;7;;2;40;7
52;16;;5;12;6
69;7;;2;50;8
40;11;70;3;90;9
32;14;100;1;;10
43;20;30;2;99;10
29;16;100;2;85;8
53;16;80;2;70;8
26;17;100;2;75;8
51;11;100;4;97;11
44;18;100;2;80;11
32;15;99;1;;8
25;16;100;3;40;8
37;12;60;6;30;8
51;16;;2;80;8
45;17;;5;25;8
25;18;100;2;13;9
42;12;100;4;25;8
48;17;100;4;83;10
43;18;100;3;80;8
40;13;100;1;;9
36;13;100;2;65;8
23;13;100;3;50;8
27;15;100;3;10;6
64;13;;2;50;7
33;16;70;3;50;8
55;16;100;2;50;7
36;15;;4;0;
60;15;100;2;;7
29;11;;4;0;
58;16;;2;50;7
43;10;100;3;50;7
46;15;100;5;27;8
66;9;;1;;7
27;14;100;4;40;8
58;19;100;2;70;8
52;16;;2;30;7
19;11;;2;70;7
38;12;100;2;40;8
69;12;;1;;8
23;13;;3;0;
60;18;;1;;8
45;12;60;3;99;10
21;14;;3;2;5
63;12;;3;28;7
59;20;;1;;8
23;15;;4;8;7
49;18;100;3;100;8
60;17;100;3;75;9
61;12;;3;25;7
21;11;;3;0;
48;11;100;3;30;7
56;18;100;3;95;10
19;12;;4;0;
31;12;100;4;50;9
56;17;;1;;9
43;16;100;1;;8
26;15;100;4;7;8
37;11;100;3;100;8
65;8;;1;;7
30;15;;4;0;
46;20;100;4;100;10
38;16;100;4;70;8
72;10;;3;10;7
45;16;100;3;25;7
74;11;;2;50;7
35;15;100;1;;9
39;15;100;3;70;9
45;14;100;3;75;9
40;16;;1;;
35;15;;2;100;8
42;15;;3;0;
28;18;100;1;;10
39;16;100;4;90;10
52;15;100;4;97;11
18;11;;3;0;
32;19;;6;0;
41;5;100;4;70;9
75;16;;2;85;8
48;17;100;4;75;9
73;6;;2;25;6
47;15;100;3;100;8
43;16;99;3;80;10
75;17;;2;25;7
76;16;;2;25;7
47;12;70;4;20;7
39;18;90;1;;9
68;12;100;2;70;8
45;12;75;2;2;4
63;20;;3;34;7
44;12;100;3;10;6
53;17;60;5;40;8
40;19;100;3;80;9
52;16;50;3;80;9
52;22;80;4;40;8
50;15;100;2;50;8
61;20;60;2;;8
52;14;40;3;80;9
49;16;100;3;70;8
22;14;;5;0;
21;13;;2;3;5
68;10;;2;50;7
53;10;50;3;40;8
35;16;100;3;40;8
52;17;100;2;95;10
24;10;100;3;50;8
23;13;100;2;40;9
45;10;100;3;40;8
48;16;100;3;70;10
43;16;100;4;30;8
60;10;;2;40;7
50;16;70;2;90;9
56;10;100;5;50;8
51;11;60;3;70;9
53;20;100;3;60;10
35;15;100;2;100;9
59;20;70;3;40;9
20;6;;4;10;7
49;20;50;2;70;8
76;7;;2;65;7
19;12;;4;0;
31;12;;2;10;6
52;11;;3;25;9
20;13;;2;50;8
59;9;;5;10;8
28;15;;4;5;7
21;14;;4;0;
56;10;;5;30;7
25;15;100;4;3;5
38;16;40;3;70;8
44;19;50;4;70;10
69;13;100;2;100;8
22;16;70;3;50;8
22;16;100;1;;11
39;18;;2;50;9
27;12;100;3;50;9
23;10;100;3;30;8
24;17;;1;;8
24;10;100;5;15;7
28;14;90;3;50;9
23;10;100;5;10;
24;16;100;2;;6
53;15;40;3;65;9
54;15;100;1;;9
86;14;;2;70;8
52;16;90;3;70;9
40;11;100;3;40;8
51;13;60;2;50;9
44;12;100;5;30;9
51;15;20;2;90;10
35;16;;4;15;8
38;18;35;3;75;8
33;16;100;2;50;10
70;15;100;1;;7
23;16;100;2;20;7
25;18;100;1;;9
25;18;100;2;;8
25;18;50;4;40;9
48;15;100;3;65;8
62;15;100;4;;8
54;7;100;3;60;9
72;14;;3;15;7
47;16;100;2;70;8
43;16;70;3;40;9
54;15;100;3;90;9
52;16;100;4;30;8
38;14;0;1;;8
35;15;100;2;100;10
68;11;100;1;;8
49;16;;3;25;7
20;12;;4;3;6
61;13;;3;20;7
23;16;0;3;10;7
53;15;100;3;20;7
43;11;100;1;;8
52;20;100;2;85;10
41;16;0;3;30;8
27;20;100;3;10;7
69;12;50;2;75;8
24;16;;2;30;7
33;13;100;1;;9
67;;;3;;
39;16;100;2;70;8
19;12;;2;25;8
34;15;100;3;39;8
49;13;;2;2;7
57;19;50;2;85;9
70;7;;3;36;7
46;13;50;5;65;9
60;;;5;20;7
41;12;100;3;100;11
19;11;100;4;35;8
48;13;;4;25;7
63;10;100;4;72;8
50;16;40;3;82;9
65;10;;4;4;7
62;13;;3;28;7
51;17;100;3;57;6
58;15;100;3;20;7
80;10;;1;;7
34;;100;3;50;8
18;11;;3;0;
35;17;0;2;98;8
51;11;0;1;;7
20;13;;3;2;5
63;25;40;5;97;8
34;16;100;3;100;10
53;12;;2;50;7
47;9;100;2;90;9
68;21;100;1;;7
67;7;;2;50;7
44;18;100;4;70;8
54;12;;2;0;
18;12;;3;0;
47;11;0;3;0;
71;7;;1;;7
32;;100;3;70;9
62;16;;1;;8
25;16;100;4;30;8
79;15;;1;;7
25;15;100;3;95;8
37;17;50;4;45;8
43;21;99;1;;8
30;15;70;4;73;9
71;17;;1;;7
41;15;100;4;80;10
39;13;50;3;100;9
63;9;;2;100;6
35;20;60;3;40;8
76;18;;4;40;7
56;12;100;3;80;8
26;18;65;6;90;10
38;12;100;4;60;8
64;12;;3;40;7
26;18;100;2;40;9
24;15;0;3;20;7
27;18;100;2;50;9
53;21;50;3;50;8
56;15;100;3;30;8
49;17;100;4;99;11
20;16;0;5;0;
24;17;100;2;50;8
35;12;100;3;20;7
71;9;;2;40;7
20;13;0;5;0;
41;12;100;3;40;8
49;15;;3;10;6
49;15;80;2;50;8
20;13;0;6;0;
47;14;100;3;70;9
32;16;100;1;;10
59;20;100;1;;7
58;7;0;1;;8
32;11;;3;5;5
43;18;100;4;60;8
48;16;100;2;50;8
20;13;80;4;40;8
41;10;100;3;40;7
37;15;0;3;50;8
28;17;0;3;100;10
24;18;50;3;30;7
24;17;20;4;10;7
23;12;100;5;65;9
21;10;100;3;80;9
30;12;100;2;100;8
30;15;100;4;60;8
37;10;100;3;70;9
51;11;100;4;10;6
64;15;100;1;;7
55;16;60;1;;9
40;15;20;3;100;10
55;15;100;2;40;8
30;15;100;2;85;10
75;10;;2;15;7
48;13;50;4;75;9
60;18;100;1;;7
43;15;100;4;80;9
22;16;100;3;20;8
40;15;100;5;90;10
54;16;100;2;70;8
56;14;;2;50;7
77;7;;1;;7
61;12;;4;50;7
75;10;;2;50;7
41;16;100;3;30;7
18;12;0;2;30;7
37;15;100;3;40;7
61;16;;5;25;7
35;13;100;2;20;5
60;13;;2;45;7
67;10;;3;30;6
69;10;;2;55;7
37;15;100;3;30;7
33;15;100;4;30;7
63;4;;3;20;6
64;16;100;2;65;7
26;15;100;3;100;9
35;12;100;3;30;7
34;15;40;2;100;10
32;13;100;3;90;8
47;12;100;7;70;8
27;12;100;3;20;6
37;12;100;4;40;8
50;10;;2;;
62;11;;1;;8
42;13;;6;0;
48;12;0;2;30;7
58;16;100;1;;7
79;10;;1;;7
74;8;;2;60;7
20;10;;2;20;6
27;15;100;3;50;7
23;16;100;1;;7
63;10;;2;60;7
50;12;100;3;100;7
53;10;;4;35;7
43;12;100;4;35;6
60;10;;1;;6
44;15;100;4;60;8
21;14;100;4;20;7
37;15;100;4;30;7
75;11;;2;40;6
46;15;100;3;20;6
49;15;100;2;30;7
36;11;100;3;60;8
72;15;100;4;35;7
92;11;;1;;7
64;15;;1;;8
86;11;;3;10;6
36;15;;3;0;
62;8;100;2;70;7
80;15;;1;;7
70;11;100;1;;7
38;15;;4;0;
65;13;;2;50;7
45;12;100;3;60;7
71;12;;3;30;7
70;12;;1;;7
40;15;100;1;;9
87;10;;3;20;6
73;15;;1;;7
68;13;;1;;7
73;8;;1;;7
68;13;;3;30;7
75;9;;2;35;7
86;0;;1;;7
63;15;;3;40;7
30;15;100;3;30;8
35;12;100;3;40;6
83;2;;2;80;7
20;14;;1;;9
62;14;;1;;7
58;12;;4;22;7
80;15;;1;;7
35;13;;3;0;
31;13;100;2;100;9
43;12;100;3;60;8
29;13;100;3;30;7
36;15;;3;20;5
37;12;100;2;25;7
40;13;100;4;100;8
34;14;;3;0;
74;12;;2;60;7
62;10;;2;50;6
73;15;;2;70;7
88;2;;5;10;6
94;2;;1;;6
49;11;100;3;;7
31;20;60;1;;9
46;13;;4;0;
42;11;100;4;30;7
69;11;;1;;6
62;11;;2;70;7
72;10;;1;;7
60;14;;4;30;7
29;13;100;2;65;8
42;14;40;3;30;7
26;12;70;3;90;8
36;14;0;4;40;8
42;11;100;3;30;7
30;12;70;1;;8
40;13;100;5;65;8
40;13;30;3;75;8
30;10;100;3;100;8
40;12;100;3;70;8
41;16;70;3;100;8
19;10;;2;10;5
30;11;100;3;100;8
35;15;100;2;70;8
24;13;100;3;100;8
42;14;100;3;50;7
44;16;100;4;30;7
35;14;100;3;50;7
83;15;;1;;6
25;15;100;1;;8
66;16;;2;50;6
39;15;100;2;40;7
76;8;;4;20;6
24;11;100;3;20;6
45;15;;4;0;
64;20;;2;50;7
66;12;;1;;7
60;15;100;2;60;8
83;15;;1;;7
60;15;;1;;7
86;13;;1;;6
42;15;100;2;70;7
75;4;;2;50;6
38;15;100;4;49;8
85;18;;1;;7
40;16;100;4;40;7
64;7;;2;60;7
46;15;;1;;6
50;13;100;3;30;7
60;15;100;4;60;8
38;10;100;4;100;8
27;13;100;3;20;7
44;15;100;2;70;7
49;13;50;4;70;8
69;10;;1;;6
19;13;100;5;20;7
45;14;100;3;70;8
79;10;;7;15;7
48;15;100;4;40;7
50;13;;4;10;5
30;10;;2;100;7
38;11;100;4;40;7
54;18;100;3;60;7
37;14;100;6;30;7
29;13;100;3;60;7
37;12;100;4;30;7
22;14;;4;5;6
30;13;100;2;20;7
33;11;100;3;40;7
38;17;100;4;80;8
62;16;;2;40;6
61;18;100;1;;7
64;10;;2;70;7
51;11;100;4;20;7
73;8;;4;20;6
38;15;100;3;40;8
40;15;100;4;40;8
19;12;;1;;8
20;14;;4;2;5
23;13;;2;50;7
74;13;;1;;6
46;15;100;4;50;8
24;15;100;2;60;7
37;15;100;4;50;7
33;15;;3;20;7
41;15;100;2;80;7
36;12;100;4;80;8
60;12;;2;50;7
72;10;;1;;7
70;10;;2;40;6
69;10;;1;;7
75;14;;2;50;7
21;13;100;1;;7
47;16;100;4;30;7
45;13;100;3;50;7
27;15;100;3;60;9
27;15;100;3;100;9
39;15;100;4;70;8
68;12;;1;;7
36;13;;2;40;6
59;12;;1;;7
36;11;100;4;70;8
56;13;100;2;30;7
39;14;100;3;40;8
35;13;100;3;40;7
63;13;100;2;;7
47;14;;3;0;
40;15;100;3;70;8
82;3;;1;;6
27;14;100;4;40;8
33;15;100;3;40;8
66;12;;3;40;7
21;14;;3;10;7
35;12;100;3;50;7
36;11;100;4;30;6
40;13;100;3;40;7
65;12;;1;;6
58;11;;2;50;7
70;8;;1;;7
69;6;;1;;7
71;3;;1;;6
68;8;;1;;6
36;12;100;1;;7
53;12;;2;60;7
45;12;100;2;70;7
51;12;100;2;90;7
62;10;;6;10;6
70;8;;2;60;7
69;3;;2;50;6
50;19;100;2;80;9
35;11;100;5;30;7
63;8;;2;100;7
19;11;;3;0;
22;15;100;1;;7
43;10;;2;0;
53;15;100;3;40;7
70;4;;2;50;7
35;14;100;1;;9
70;6;;2;50;7
26;14;;3;10;6
60;12;;6;50;7
70;7;;2;60;7
72;7;;2;30;6
18;11;;4;5;5
63;15;0;1;;7
22;15;0;1;;6
38;15;100;4;70;8
64;15;;1;;7
63;15;;2;60;7
31;15;;3;5;5
38;15;100;4;40;7
30;17;100;3;30;7
70;11;;2;50;6
70;11;;4;25;7
77;8;;2;30;7
20;11;0;4;50;7
49;15;100;3;60;7
65;8;;1;;7
39;12;;3;0;
30;11;100;2;80;8
46;15;100;3;90;8
63;18;;1;;7
35;15;100;3;50;7
36;11;;4;0;
69;7;;1;;7
34;12;100;3;40;8
22;13;100;1;;7
51;15;100;2;50;7
38;15;100;4;30;7
68;15;;1;;7
88;12;;1;;7
60;11;;3;45;7
39;13;100;4;45;7
60;11;;1;;7
18;11;;2;;
28;13;100;3;70;9
59;15;;1;;7
72;9;;1;;7
38;12;100;1;;7
73;3;;3;20;6
39;15;100;3;60;8
21;14;;4;5;5
24;12;100;3;35;7
48;12;100;3;40;6
62;15;;2;50;7
50;19;;1;;7
45;14;;4;0;
40;14;100;5;40;7
68;14;;4;40;7
58;10;;6;5;5
45;12;100;6;20;7
50;13;100;4;35;7
40;11;100;4;25;6
37;15;100;3;40;7
51;15;100;3;60;8
40;13;100;3;60;7
61;14;;2;70;7
67;13;;2;40;7
40;14;0;2;50;7
27;15;100;3;10;6
80;9;;1;;7
36;11;100;3;20;5
60;18;100;2;70;7
24;15;100;2;50;7
72;18;100;2;70;7
60;14;;3;80;7
75;10;;2;100;7
50;13;;2;0;
59;13;;1;;7
62;12;;2;40;6
24;17;;3;0;
32;14;60;1;;7
75;5;;1;;7
70;10;;2;50;7
60;15;100;1;;7
21;15;;1;;7
47;15;;2;50;7
62;7;;4;27;7
22;15;;3;10;5
50;12;;4;30;7
45;15;100;2;55;7
72;10;;4;35;7
28;14;100;4;35;7
18;12;0;5;5;5
24;15;100;2;70;7
76;5;;4;30;6
32;12;50;4;70;7
35;12;60;4;50;5
78;8;;5;20;6
45;10;60;4;45;7
60;10;;2;50;7
58;15;;2;50;6
30;10;100;3;40;6
49;8;100;4;30;7
61;10;;1;;7
47;10;100;3;35;7
36;15;100;3;30;7
49;10;100;4;50;7
49;16;100;3;30;6
25;14;100;4;15;6
55;8;0;2;50;7
50;8;;2;40;6
53;13;0;7;50;8
65;17;;2;50;7
44;17;100;2;40;6
52;11;100;1;;6
36;14;0;4;25;6
50;9;100;3;10;5
63;13;;1;;7
29;14;100;3;80;7
72;7;;1;;7
80;12;;1;;7
27;11;100;3;50;7
24;13;;2;100;7
75;18;;1;;7
34;10;100;3;80;8
72;4;;1;;7
37;13;100;4;30;6
31;12;100;1;;6
64;7;;2;50;6
52;10;100;2;70;6
20;9;100;3;80;8
52;10;;2;60;6
62;10;;2;50;7
75;7;;2;50;7
39;10;100;3;50;7
45;16;100;4;30;7
41;10;100;3;80;7
50;14;100;3;90;7
38;10;;4;50;6
52;12;0;3;60;7
30;14;100;2;100;7
46;13;100;3;50;7
50;12;100;2;70;8
40;12;100;1;;7
75;4;;2;50;7
72;7;;2;40;7
72;7;;2;60;7
28;11;100;3;80;7
19;10;100;5;20;6
46;14;;2;0;
33;14;90;2;96;7
29;15;100;3;47;7
59;13;;2;50;7
41;12;100;3;25;7
35;16;100;3;92;8
26;10;100;3;25;6
74;13;;2;50;6
47;13;100;2;60;6
63;10;;1;;7
51;15;100;2;90;7
51;17;100;4;80;9
49;18;100;3;98;8
71;14;;2;50;7
76;0;;1;;6
68;14;;2;40;6
25;15;100;2;65;8
52;16;80;2;70;7
56;11;;2;100;6
74;13;;1;;7
93;1;;1;;6
67;12;;1;;7
79;10;0;1;;6
85;0;;1;;6
66;8;;1;;7
73;10;;2;50;7
63;8;0;1;;7
73;6;0;2;48;7
87;2;;1;;7
75;5;;1;;7
65;4;;2;70;7
65;15;0;2;60;7
65;5;;2;40;6
75;6;0;2;70;7
55;8;;1;;7
63;10;;3;30;6
61;8;;7;15;7
43;13;100;3;70;7
61;7;;1;;7
60;11;;2;50;7
63;10;;5;20;6
21;14;;1;;7
73;7;;1;;6
40;10;0;3;40;8
67;7;;1;;7
34;15;100;4;75;7
53;10;;3;50;7
37;13;100;4;90;6
62;10;;5;50;7
40;15;100;3;70;8
43;15;100;4;30;7
40;10;100;3;60;7
54;12;;2;40;7
50;11;100;3;30;7
42;12;100;4;40;6
22;12;100;4;20;6
40;13;100;4;30;6
45;13;100;2;50;6
18;10;;3;0;
18;11;;3;5;5
68;1;;2;50;6
50;8;;4;40;6
36;12;100;4;90;7
40;16;100;4;80;8
63;8;;1;;7
62;20;;2;50;7
45;15;100;2;15;6
36;15;100;3;35;7
40;8;;2;10;6
44;13;0;3;20;7
41;12;100;3;40;7
64;15;;3;40;7
52;8;;1;;7
61;15;;1;;7
72;17;;1;;7
33;12;;4;0;
21;10;100;3;50;7
59;15;;1;;6
75;12;;3;30;7
60;13;;2;50;7
60;10;;2;40;6
40;15;100;2;100;9
27;15;;3;20;6
60;14;;1;;7
62;14;;2;40;7
35;14;100;3;40;7
66;14;;1;;7
60;15;;3;40;7
37;15;100;3;30;6
42;13;100;4;30;7
20;10;40;1;;9
39;13;100;2;60;7
19;14;50;3;30;7
46;12;;3;0;
46;12;70;2;100;7
76;12;;2;40;7
79;14;;2;60;7
38;14;100;2;70;8
46;10;100;2;50;8
40;13;100;1;;7
45;13;100;3;30;6
47;13;100;1;;8
43;14;100;4;40;7
35;15;100;2;100;8
19;10;;3;0;
63;13;;1;;7
52;15;100;2;65;8
22;14;100;1;;7
50;10;0;1;;7
20;12;100;3;40;8
72;5;;1;;7
88;10;;2;50;7
51;10;30;3;40;7
56;15;;2;70;7
48;10;100;3;68;8
60;14;100;2;50;7
39;10;50;3;60;7
40;10;50;1;;8
60;10;;1;;7
80;1;;1;;7
66;11;0;5;70;7
80;0;;1;;
61;;0;7;50;9
60;14;;3;35;7
36;14;0;4;20;6
64;14;;1;;6
19;11;;2;;
74;10;;1;;7
63;7;0;2;100;7
72;12;;2;40;7
40;10;;4;0;
52;13;;1;;7
61;10;;4;20;6
49;15;100;4;20;7
38;12;100;3;100;7
21;13;;3;0;
26;13;30;3;100;8
27;13;100;2;70;7
63;15;;1;;7
41;13;100;3;20;6
40;10;100;4;40;6
70;11;;1;;7
90;0;;1;;6
40;15;100;2;90;7
57;13;;5;20;6
68;8;;1;;6
29;13;100;4;50;7
42;11;;4;0;
24;13;100;4;32;6
39;13;;4;0;
80;7;;1;;6
71;8;;2;40;6
70;15;;1;;7
62;10;;2;40;6
34;13;100;3;60;8
76;0;;1;;8
87;7;;1;;6
54;10;;1;;6
61;8;;2;65;7
63;13;;1;;6
70;4;0;2;40;6
29;12;100;1;;8
28;13;100;3;20;6
48;12;50;5;80;7
30;15;100;3;40;6
70;8;;1;;6
78;14;;2;50;7
71;10;100;1;;7
42;15;100;4;70;8
61;10;;1;;7
35;13;25;3;60;8
62;12;;3;50;7
70;5;;1;;7
58;7;;1;;6
38;15;100;4;25;7
42;11;100;2;80;7
68;10;;2;55;7
74;7;;1;;7
26;15;100;2;35;7
40;13;100;4;70;7
45;15;;1;;7
35;10;100;4;30;7
73;13;;2;60;6
22;15;100;3;12;6
70;8;;1;;7
42;15;100;2;70;9
70;7;;1;;7
76;5;;2;100;7
40;10;100;7;40;8
46;10;;3;35;7
63;17;;2;50;7
77;14;;1;;7
74;10;;1;;7
67;3;0;1;;7
75;10;;3;;
75;4;0;1;;7
63;5;0;2;40;7
59;10;0;1;;7
72;7;;1;;6
71;4;;2;98;7
49;8;100;2;50;7
74;11;;3;40;7
52;9;70;7;50;7
71;8;0;2;50;7
59;10;;2;50;6
69;7;0;2;40;7
55;13;70;4;50;7
71;7;;1;;7
66;8;;1;;7
45;14;100;2;30;6
61;;;3;25;6
41;15;100;3;40;7
44;8;30;4;50;6
40;10;100;5;60;7
71;4;;3;50;7
24;13;100;3;40;7
41;11;100;4;30;5
53;10;100;2;55;7
63;14;;2;55;6
33;15;0;3;10;5
40;10;100;3;30;8
43;15;100;3;100;7
40;10;100;4;100;7
32;13;50;3;100;7
41;13;100;2;45;7
45;15;0;2;0;
83;8;;1;;6
43;13;100;4;38;7
42;13;100;2;40;7
20;10;;4;0;
37;10;0;3;60;7
20;10;;4;0;
67;9;;2;50;6
30;11;100;4;40;6
40;13;100;3;40;6
20;13;100;2;50;6
38;12;100;3;65;7
45;10;100;2;50;6
42;11;100;3;35;7
30;15;100;4;50;7
31;11;100;3;45;6
42;11;100;5;20;6
40;12;100;4;40;6
57;13;100;2;55;7
71;1;;1;;7
58;15;0;1;;7
61;7;;2;40;6
84;0;;1;;6
75;8;;1;;7
61;7;0;2;50;7
74;4;;1;;6
69;7;;2;52;7
71;3;0;2;65;7
67;5;;2;50;6
74;4;;2;30;6
52;8;0;2;70;7
65;7;0;2;60;7
30;15;100;5;40;7
34;11;0;2;20;5
83;10;;1;;7
66;4;;2;50;6
70;9;0;1;;7
76;4;;1;;7
72;15;0;1;;7
40;11;0;5;60;8
38;11;0;3;45;7
37;15;100;4;70;7
61;11;;2;50;7
33;13;;5;0;
32;8;100;6;40;7
78;4;0;1;;6
43;12;100;1;;7
44;8;40;2;100;7
46;12;100;4;50;7
20;10;;4;10;5
42;11;100;4;59;8
38;13;100;2;100;7
68;10;0;2;60;7
73;8;;1;;7
35;15;0;3;50;7
65;7;;2;50;6
54;12;0;2;40;7
40;12;0;4;20;6
50;15;100;4;80;7
42;11;0;4;20;6
35;15;100;4;55;7
45;14;100;3;75;8
53;11;85;2;50;7
39;11;100;5;40;7
60;12;;2;45;7
46;10;0;3;60;7
59;10;;5;40;7
70;10;0;1;;7
41;13;0;5;80;7
55;10;;1;;6
43;16;;6;30;7
54;13;100;3;90;7
47;10;100;2;30;6
51;12;0;3;40;7
67;8;0;3;30;7
67;8;;2;50;7
62;10;0;3;30;7
38;11;100;3;10;6
58;10;0;1;;6
68;5;;2;50;7
58;8;0;1;;6
52;8;100;5;100;7
80;11;;2;30;6
47;14;100;4;50;7
73;9;;1;;6
61;7;;4;15;6
76;7;;2;60;7
66;14;100;1;;7
51;10;;2;40;7
43;12;100;2;50;7
52;11;100;2;30;6
37;10;;4;40;8
73;10;0;1;;7
71;12;;1;;6
67;8;;1;;7
48;13;100;4;40;7
66;7;;2;60;7
71;3;;1;;7
72;7;;1;;7
32;12;100;4;10;7
40;15;80;4;80;8
63;7;0;2;50;6
66;10;;1;;7
20;13;;1;;6
66;13;;2;50;7
38;17;100;4;50;6
63;11;;3;25;6
40;14;80;4;40;6
37;11;100;1;;6
76;6;0;1;;7
64;10;;2;50;7
37;12;0;2;30;6
71;7;;1;;7
62;13;100;1;;7
76;11;;1;;7
23;16;100;2;70;7
34;11;100;4;60;8
40;12;100;3;50;7
41;11;90;3;50;6
38;10;100;4;50;8
63;15;0;5;;7
60;15;0;3;50;8
68;9;;1;;7
63;20;;6;50;7
60;17;100;2;70;8
21;15;0;2;50;9
20;13;100;4;34;7
58;19;60;1;;
28;15;;5;0;
23;15;0;3;20;8
60;7;0;2;3;3
19;14;0;3;25;8
41;13;;4;;
24;16;80;3;40;10
45;15;100;5;70;8
32;15;;3;20;9
29;13;100;3;50;8
77;15;100;3;50;7
53;20;80;2;60;11
45;20;100;4;80;9
23;16;75;1;;9
62;10;100;2;85;9
36;15;100;1;;10
40;17;;4;50;9
20;14;;4;0;
34;19;;4;0;
70;11;;2;10;6
54;16;100;2;70;9
73;7;;2;50;7
24;10;;1;;9
23;11;100;2;60;9
42;16;;3;0;
78;7;100;3;0;
36;17;100;3;35;9
18;12;100;4;30;7
28;15;100;3;20;8
25;18;;3;100;7
67;10;;3;35;7
23;10;60;4;25;7
43;12;100;4;60;8
18;12;;4;0;
51;8;0;2;20;5
73;14;;1;;7
23;15;;2;0;
21;16;100;5;40;9
59;13;;5;0;
36;17;100;4;40;8
52;16;100;3;70;9
38;16;100;4;50;9
40;20;40;1;;9
47;16;50;2;85;7
63;16;;2;50;7
82;5;;1;;7
64;10;;2;50;7
24;18;100;2;90;10
19;11;100;3;0;
75;14;;1;;7
25;10;90;4;60;9
63;10;;3;30;7
35;13;100;7;25;8
18;14;100;4;25;8
39;13;100;1;;7
18;10;100;6;17;7
31;16;100;6;4;7
37;11;100;2;100;8
22;15;100;4;10;7
41;15;80;4;99;11
23;15;90;1;;8
43;16;100;3;100;9
85;15;;2;50;7
35;18;;3;30;9
79;12;;3;7;
69;17;;2;35;7
84;15;;2;50;7
77;10;;1;;8
38;15;100;3;1;6
37;13;;3;0;
64;15;;3;100;7
70;15;;2;;
69;15;;1;;7
30;12;100;2;90;10
25;12;100;4;20;7
65;10;;2;60;7
62;13;;2;25;6
41;10;100;2;50;8
47;12;;5;0;
37;11;100;4;90;9
19;12;100;6;20;7
60;24;;4;30;7
46;11;100;3;30;8
20;12;;4;25;8
29;11;100;3;60;7
53;12;70;4;50;8
29;17;60;3;50;9
32;15;70;1;;7
18;12;0;3;90;
63;13;;1;;7
67;14;;2;50;7
25;18;50;2;60;8
33;12;0;3;25;8
60;10;;1;;7
40;14;100;2;100;8
47;11;100;3;30;8
56;18;100;1;;7
29;17;40;2;50;8
53;12;100;2;70;8
38;16;100;4;30;7
48;17;100;3;20;8
19;14;;3;5;6
19;15;100;3;15;8
18;13;;3;0;
21;12;100;2;50;9
61;19;0;2;80;8
45;15;;4;0;
34;18;100;3;100;10
48;12;;4;0;
53;17;20;2;60;9
50;11;100;2;50;9
20;14;100;4;10;
28;11;;2;0;
31;15;70;2;90;8
57;15;100;1;;9
73;15;;2;10;7
51;8;100;4;25;7
42;15;60;5;50;9
21;14;99;4;30;10
45;20;0;2;30;7
20;14;0;4;0;
23;16;0;4;5;5
43;15;0;4;30;8
33;15;100;2;50;10
69;7;;2;50;7
66;15;;3;20;7
46;15;100;;;8
30;14;100;3;100;
47;15;100;3;60;
75;8;;1;;
68;7;;2;100;7
20;11;100;4;60;8
54;14;100;4;50;7
69;10;;2;50;7
40;20;100;2;100;
75;18;;1;;8
63;16;;2;40;7
52;16;20;3;80;10
83;10;;1;;7
77;20;;2;;
34;15;100;3;96;11
75;12;;2;50;
81;8;;1;;7
52;15;100;3;95;
50;13;100;1;;7
70;20;;1;;7
33;8;100;3;100;9
38;12;;5;0;
57;10;;3;30;7
42;13;100;3;20;7
31;17;100;2;50;9
43;15;100;2;;8
37;11;;4;0;
36;10;100;5;40;8
65;;;2;70;7
35;16;;3;0;
27;17;;3;0;
18;12;;5;0;
46;14;;3;100;9
47;24;40;4;50;9
18;13;0;3;30;9
55;19;0;2;100;8
18;11;;2;25;7
59;11;;4;30;7
22;15;;1;;9
69;14;;2;40;7
64;12;0;4;70;8
63;17;100;2;70;7
19;12;;3;;
40;15;100;3;99;10
61;21;50;1;;8
35;16;66;3;100;9
22;12;5;4;25;8
40;17;19;3;50;8
62;17;;2;50;7
53;15;;4;0;
39;15;25;3;50;9
53;20;100;3;34;8
40;15;100;3;60;9
55;15;100;6;50;7
41;13;100;3;70;10
19;12;100;4;10;7
55;36;100;3;90;11
53;20;100;4;80;11
20;11;0;4;25;7
77;12;;2;20;6
53;11;100;2;30;7
25;17;0;2;;7
74;14;;3;;
22;15;100;2;30;6
43;16;100;5;50;8
63;10;;2;30;7
32;15;;3;0;
55;17;100;4;50;8
54;16;100;1;;8
44;16;100;2;100;9
45;16;50;4;40;8
20;14;0;5;0;
23;10;0;2;50;8
60;15;100;2;60;8
46;20;20;6;40;9
59;17;100;3;30;8
59;11;;1;;
66;11;;2;50;7
57;21;100;2;35;8
47;10;100;5;65;8
70;10;;3;50;7
61;8;;4;40;7
40;17;20;4;30;7
20;14;100;3;70;9
40;15;100;3;70;9
20;13;;3;50;10
73;14;;1;;7
71;13;;4;30;7
53;14;;2;40;7
70;11;;2;50;7
41;14;100;3;100;
47;15;100;2;30;7
45;15;95;3;40;8
52;15;100;3;80;8
70;12;;1;;7
61;17;;3;10;7
74;11;;1;;8
25;13;70;2;10;
40;17;100;4;25;7
41;11;100;4;30;8
40;16;100;4;30;8
68;17;;1;;7
67;8;;2;50;7
24;15;;3;0;
42;15;100;3;30;8
63;15;100;;;
49;17;0;4;60;
65;15;;1;;8
87;17;;2;60;8
75;13;;3;30;7
50;12;100;3;60;8
65;10;;1;;8
67;19;;2;70;7
20;13;100;2;70;8
70;11;;3;30;7
72;;;4;80;8
27;11;100;7;;
39;11;;4;30;
40;16;100;3;30;7
59;16;;3;20;7
53;16;100;2;50;9
32;18;100;6;20;
73;15;;2;35;7
32;12;;4;100;9
40;13;100;3;25;6
26;17;100;5;50;8
20;13;0;4;90;
;13;;2;30;7
77;8;;3;0;
76;3;;2;;
53;15;100;2;100;9
66;8;100;2;100;7
38;15;;5;0;
85;10;;1;;7
20;14;100;3;40;9
47;15;;3;;
41;12;100;3;30;7
50;20;100;4;50;8
81;17;;1;;8
47;16;100;5;;
65;15;;1;;7
25;12;;4;;
45;16;;1;;
45;11;100;4;50;8
26;14;;5;;
55;15;70;3;40;8
72;16;;2;50;
56;15;100;3;45;8
54;19;50;4;10;
31;16;30;6;50;10
39;12;95;1;;8
37;17;;4;0;
30;15;;3;0;
30;18;100;3;30;7
20;13;;2;;
28;22;0;3;30;9
26;13;;4;0;
57;10;100;2;50;8
45;20;100;3;60;8
53;10;;3;30;
59;10;100;3;50;8
86;9;;3;25;
38;13;;4;0;
68;19;100;1;;7
60;15;;4;50;7
23;14;70;3;;9
63;8;100;2;90;8
62;14;100;2;100;7
37;15;100;3;100;
41;13;0;3;15;7
30;11;100;8;100;9
24;16;100;3;100;
28;13;100;5;25;9
21;15;;5;0;
53;17;100;3;40;8
54;16;100;4;25;
64;18;100;4;60;6
60;22;100;2;90;9
75;18;;3;50;7
31;19;;2;0;
24;15;100;3;25;
60;15;;3;10;6
20;14;;2;20;6
43;11;100;2;60;8
37;15;100;4;10;8
43;15;100;5;100;10
34;14;10;5;40;9
53;14;90;3;40;9
67;12;;4;34;7
64;5;;1;;7
43;13;100;3;60;8
82;8;0;1;;7
45;17;0;2;;
77;18;;1;;7
50;42;90;3;50;8
54;16;90;4;20;8
;12;100;2;60;
49;10;;3;0;
80;19;;1;;
72;10;;3;50;6
73;17;;1;;7
24;15;;2;;
86;17;;2;50;8
24;11;100;1;;10
75;15;;2;70;
79;15;;1;;7
38;19;90;3;90;
77;16;;2;50;7
81;21;;1;;8
56;17;;2;10;7
74;;70;2;90;7
67;10;100;2;50;7
65;15;;2;50;7
47;16;100;3;25;8
68;10;;1;;7
54;15;10;3;34;8
63;14;;2;70;7
32;11;100;3;30;8
46;11;100;2;100;7
74;10;;2;75;8
22;13;;4;0;
19;17;;2;;
37;12;;2;100;8
22;16;0;2;;7
53;16;100;4;60;8
70;4;0;1;;7
64;15;100;3;50;7
27;17;100;7;60;10
30;11;;5;0;
55;12;100;5;;
58;30;;3;20;7
28;17;100;3;33;8
68;15;;4;25;7
75;7;;1;;7
25;16;100;5;20;9
39;19;50;4;70;9
47;16;;7;0;
22;15;100;3;35;8
45;20;0;3;;9
78;15;;2;100;8
46;16;40;2;70;8
40;13;100;4;35;7
40;17;100;4;100;9
78;13;;1;;7
25;13;;3;;
69;20;100;2;60;7
51;15;100;3;70;8
37;9;0;5;50;9
49;13;0;1;;8
48;13;;3;0;
68;15;;3;10;6
33;17;100;5;35;7
52;16;0;2;85;8
40;12;100;4;60;8
19;15;0;1;;8
21;17;;3;;
28;15;100;4;50;8
51;18;90;4;50;9
68;12;;5;40;8
38;16;100;4;40;8
60;19;60;2;100;8
26;18;0;4;5;6
87;17;;2;30;7
60;15;100;1;;9
59;19;100;3;34;8
40;18;100;3;35;8
31;15;70;2;100;10
46;12;0;3;80;8
45;15;100;2;70;8
44;14;50;2;50;9
37;19;100;5;80;10
82;15;;1;;7
46;17;100;4;50;8
48;18;20;3;50;8
23;17;50;1;;8
73;7;;3;15;7
67;23;90;6;70;9
62;18;100;5;25;8
46;14;100;3;50;8
44;10;100;2;70;7
20;14;35;5;9;7
24;11;60;3;80;8
64;12;;4;10;6
25;15;0;3;40;9
25;16;0;2;70;10
18;11;0;5;20;7
46;16;0;4;80;9
55;13;;4;10;6
74;16;;3;10;7
44;21;100;3;10;7
60;21;100;3;70;8
40;17;100;4;;9
44;15;100;4;40;8
54;16;;5;0;
63;19;;3;30;7
21;10;100;3;;
71;15;;2;60;7
34;11;;4;25;7
25;13;100;2;95;9
71;11;;2;60;7
53;10;100;2;80;7
63;10;;2;40;7
59;10;100;1;;7
20;12;100;5;10;6
39;10;100;4;33;7
37;11;;2;0;
48;12;100;4;30;8
66;20;100;5;70;7
69;13;;2;50;7
55;18;100;3;40;8
65;15;;2;10;6
76;16;5;4;40;7
51;19;100;2;60;7
70;19;100;1;;7
27;11;;1;;9
19;14;;3;5;5
35;12;0;5;90;8
35;18;50;4;100;9
72;8;;1;;7
29;11;;2;0;
62;16;100;2;75;8
59;12;;4;20;7
53;16;100;3;63;7
27;12;;4;9;6
48;15;0;4;70;8
32;13;;4;;
53;16;100;5;30;7
46;12;70;4;60;8
65;7;100;2;70;7
38;10;100;3;25;6
67;7;;1;;6
54;9;100;2;50;7
41;20;100;3;100;8
19;11;50;4;40;8
48;16;100;4;72;8
60;19;;1;;6
57;19;80;3;67;8
46;12;100;3;45;7
49;11;100;5;30;7
27;17;;6;0;
59;16;;2;60;7
37;11;100;3;40;6
51;10;100;2;30;6
44;14;100;2;70;7
24;12;100;3;50;7
45;10;;4;30;6
55;13;;2;20;6
29;15;;3;100;8
71;15;;2;65;7
29;12;;4;0;
61;14;;1;;6
39;17;100;4;50;8
54;15;100;2;70;8
72;15;;1;;7
23;10;0;7;28;7
27;17;100;6;7;6
18;11;0;4;5;6
41;11;100;3;40;7
74;15;;2;50;7
33;11;100;3;76;7
44;12;100;5;80;7
44;11;30;3;49;7
69;8;100;2;60;7
70;5;;7;20;7
19;14;;4;2;4
21;12;0;3;72;7
63;11;;3;30;7
80;14;;2;30;6
19;12;100;2;40;7
78;3;;1;;6
74;14;;2;;
42;14;100;4;70;8
41;15;100;2;100;
59;18;100;1;;7
26;14;100;4;50;7
26;12;;3;0;
77;8;;4;50;7
30;12;100;3;80;8
53;10;0;2;25;6
18;14;100;4;40;8
63;18;100;1;;7
67;9;;2;45;7
71;7;;2;30;7
52;18;100;3;50;8
63;9;;1;;7
41;15;100;3;50;
55;11;100;4;35;7
85;3;;1;;7
77;13;;1;;7
82;4;;1;;7
70;7;;2;50;7
54;14;100;1;;7
64;4;;2;100;7
18;11;100;4;;
19;11;100;2;;8
63;8;;3;30;7
38;11;;5;0;
63;16;0;1;;6
62;14;;2;50;7
75;4;;3;60;7
59;14;;1;;7
60;4;100;2;60;7
23;11;100;4;21;7
39;15;80;3;40;7
40;13;100;2;100;7
62;7;100;1;;7
81;14;;1;;7
67;15;;2;50;7
70;14;;1;;7
67;4;100;3;100;7
72;7;;1;;7
73;12;;1;;7
74;12;;1;;7
47;11;0;2;0;
82;4;;1;;7
22;15;80;2;10;6
73;7;;1;;7
80;0;;3;33;7
62;10;0;3;40;7
31;15;70;2;40;8
60;4;;2;40;7
65;10;;3;50;7
63;9;;2;50;7
33;10;100;4;;
59;15;0;1;;7
75;12;;2;73;9
61;10;;5;36;7
77;13;;2;72;8
21;11;100;3;100;7
59;5;;5;17;6
75;8;;2;50;6
66;14;;1;;7
76;11;;5;60;7
75;9;;1;;7
18;11;97;2;20;6
50;12;100;3;90;8
66;18;;2;50;7
22;16;85;1;;7
57;8;;2;40;8
42;12;100;2;80;6
26;13;70;5;12;6
50;15;80;2;67;8
63;14;;2;30;7
73;5;;3;60;7
61;7;;4;51;7
69;5;;2;40;7
81;7;;1;;7
38;12;100;3;20;7
43;15;0;3;35;7
20;13;68;2;45;8
35;14;100;4;60;8
60;13;;1;;7
42;16;100;2;50;7
58;12;53;1;;7
63;17;;6;52;7
50;10;100;2;30;6
36;15;50;3;75;8
52;12;100;4;30;7
47;10;100;4;70;8
63;16;100;2;60;7
47;13;100;6;20;7
30;12;100;3;8;5
28;15;0;3;34;8
50;15;100;2;94;9
46;16;70;4;90;8
54;12;100;2;50;8
75;17;;1;;7
63;7;;1;;7
31;18;100;3;70;8
29;9;;3;0;
31;10;100;6;70;7
32;13;100;4;80;7
73;7;;2;50;7
85;3;;1;;7
61;8;;7;10;6
72;4;;1;;7
76;12;;2;50;7
28;15;100;3;100;8
68;7;;3;100;7
53;11;100;2;30;7
50;14;75;4;40;7
56;13;;4;10;5
64;10;;2;60;7
82;13;;2;70;8
53;11;100;5;40;8
57;12;;2;50;7
23;10;100;3;40;7
57;11;;2;100;6
50;14;;3;26;7
62;7;;5;22;7
53;16;100;3;50;8
75;4;;1;;7
85;2;;4;22;6
74;10;;1;;6
69;14;;1;;7
25;14;100;2;30;7
72;12;;1;;7
67;6;;2;45;7
55;10;100;3;44;7
39;17;100;4;49;6
39;12;100;5;36;6
72;15;;2;45;7
60;16;;2;55;7
55;11;100;2;73;8
68;9;;2;50;7
59;9;100;2;50;7
60;16;;1;;7
40;13;100;5;50;8
64;10;;1;;6
22;15;0;3;5;6
52;11;100;2;44;6
34;13;100;4;78;6
65;8;;2;50;7
75;4;;1;;7
67;12;;2;55;7
81;4;;1;;6
55;17;100;2;82;8
71;4;;1;;6
84;2;;2;28;6
43;10;100;2;50;6
75;4;;1;;7
39;15;100;4;40;7
39;10;60;4;50;7
46;12;;5;38;8
27;10;100;4;30;6
22;13;100;4;61;7
18;12;;1;;7
37;10;100;3;35;7
59;10;;2;43;7
70;10;;2;50;7
50;17;;3;19;7
44;10;80;2;40;7
25;16;;6;0;
65;4;;2;50;7
60;15;100;2;80;8
72;5;;2;50;7
52;12;100;1;;6
26;12;100;3;100;9
69;2;;2;50;7
61;16;100;2;50;7
63;16;;2;40;7
65;4;;2;40;7
41;10;0;2;50;6
27;11;;2;0;
39;12;100;4;53;6
29;17;100;3;35;
64;11;;4;30;6
60;17;;2;20;6
24;15;100;2;100;8
76;11;;1;;7
65;4;;2;58;7
32;12;0;3;50;7
43;18;10;3;;7
33;10;100;3;100;7
59;13;;2;30;7
59;15;100;1;;6
67;16;;1;;7
28;17;100;2;100;7
28;10;;2;70;7
40;12;100;4;77;6
59;6;100;2;38;6
65;10;;1;;7
73;4;;2;36;6
35;12;100;3;20;6
41;11;;3;30;
67;4;;2;40;7
39;12;90;3;50;6
66;12;;1;;7
52;11;100;2;43;6
88;0;;2;60;7
37;16;100;4;40;6
70;16;;1;;7
58;10;;2;67;7
29;13;100;3;60;7
63;4;;2;50;7
62;7;;2;40;6
25;16;100;7;25;6
34;11;100;6;30;6
74;7;;1;;7
48;16;100;4;35;7
42;13;100;3;50;7
66;12;;2;44;7
41;15;;4;10;5
72;3;;2;49;6
26;12;100;3;40;6
48;8;;3;5;5
23;11;100;3;60;7
83;0;;3;29;7
68;15;;2;51;7
73;4;;2;40;6
68;4;;2;55;7
67;4;;1;;6
65;7;;1;;7
33;10;;4;0;
60;5;100;2;45;7
79;2;;1;;6
48;10;100;2;50;6
50;10;100;2;100;7
60;3;;2;75;7
38;10;100;3;50;8
64;8;;2;50;7
76;10;;1;;7
50;11;100;2;50;6
46;8;100;1;;3
78;4;;2;40;6
61;8;;3;45;7
32;11;;5;0;
42;11;100;4;40;7
21;12;100;4;0;
36;7;;1;;7
31;11;100;3;60;7
39;16;100;4;40;7
40;8;100;4;57;7
23;14;95;2;57;7
76;10;;2;70;7
29;12;100;4;55;6
49;8;;2;10;4
61;7;;1;;7
29;8;100;4;60;7
74;3;;1;;6
42;12;100;3;20;7
53;10;100;3;60;7
47;13;100;4;17;6
74;5;;4;34;7
31;12;100;2;75;6
44;12;100;3;29;7
53;12;100;1;;6
42;12;75;4;36;6
34;11;100;3;45;6
63;4;;2;62;7
51;7;100;3;50;4
41;10;60;3;20;6
27;13;100;3;50;7
62;14;;1;;6
49;11;100;1;;6
48;17;100;3;50;7
70;15;;6;10;6
19;13;;6;0;
78;19;;3;60;7
62;10;;3;20;7
73;15;;2;50;7
69;10;;4;30;7
59;10;100;2;25;7
74;11;;1;;7
75;12;;1;;7
70;16;;2;50;7
34;15;100;2;40;7
20;14;100;3;15;7
62;12;;1;;7
53;12;100;3;15;5
64;17;;1;;7
29;18;100;3;90;8
53;16;100;3;49;7
57;17;;1;;7
62;15;;2;60;7
63;22;100;2;75;7
69;13;;2;40;7
73;7;;1;;7
66;15;;1;;7
39;13;;4;0;
41;10;100;2;50;7
62;7;100;5;35;7
31;16;;3;0;
37;18;80;3;60;8
29;17;100;2;45;7
24;12;100;5;50;7
32;12;;3;5;4
21;11;70;1;;7
65;8;;2;50;7
50;13;100;2;60;7
35;12;100;3;60;7
80;5;;4;;
20;;;1;;7
48;15;100;3;10;6
18;11;;1;;7
54;9;;6;0;
74;10;;5;;
63;17;100;2;70;7
54;13;100;3;10;5
38;13;100;4;100;8
38;10;100;4;100;8
46;15;100;2;90;8
51;16;;3;0;
54;8;100;6;30;7
48;10;100;3;100;7
23;15;100;3;20;8
46;16;100;5;30;7
43;11;100;3;60;7
37;10;100;12;40;6
44;10;100;2;90;7
20;14;0;2;10;5
33;10;;5;0;
18;13;100;3;5;5
46;12;100;4;30;7
54;11;100;3;45;7
41;15;100;3;60;
43;15;0;2;10;5
72;7;;4;35;6
40;11;70;2;33;7
45;13;;1;;6
35;10;0;2;30;8
62;20;;2;70;7
62;15;100;4;50;8
58;15;;1;;7
67;12;;1;;7
48;21;100;2;80;7
72;12;;2;50;7
20;13;100;4;15;7
30;12;30;4;25;6
49;13;;3;0;
61;10;;2;50;6
54;11;100;6;50;5
37;18;;5;20;5
65;16;100;2;40;7
74;6;;1;;7
38;16;100;4;60;7
35;7;100;3;90;9
43;15;100;2;80;8
50;15;90;4;50;8
58;19;100;3;35;7
76;13;;1;;7
51;10;60;3;50;7
74;15;;1;;7
47;15;100;4;55;8
73;10;;5;30;6
74;11;;2;50;7
68;15;100;2;50;7
49;11;;7;35;7
63;15;;3;30;6
48;15;100;3;30;
60;17;;3;35;7
41;16;100;4;100;8
40;13;;3;0;
25;13;100;3;100;8
54;16;100;2;70;7
22;15;;3;0;
60;13;;2;90;7
53;18;70;5;100;8
68;7;;2;50;7
39;12;100;3;100;8
19;13;;2;50;6
62;9;;2;40;6
44;10;0;1;;6
18;10;80;3;40;6
41;11;100;3;70;7
38;10;;3;0;
68;11;;2;70;7
48;13;;2;50;7
40;12;100;3;35;6
41;10;100;2;100;8
30;10;100;3;60;6
41;13;100;4;30;4
69;5;;2;60;7
18;10;;4;0;
33;12;;4;20;6
72;7;;3;50;6
30;12;100;4;45;7
42;10;100;4;50;6
53;10;;3;0;
31;10;100;5;45;8
39;11;;4;60;6
32;12;100;5;40;7
82;7;;2;61;7
67;13;;1;;7
43;12;100;2;50;7
43;13;100;2;80;7
55;16;100;2;44;7
56;16;;2;47;6
37;13;100;4;75;7
72;10;;2;39;7
67;7;;1;;6
63;10;;3;20;6
80;12;;1;;6
64;13;;2;50;7
50;13;100;3;50;7
67;18;;2;50;7
20;11;0;4;;
71;8;;2;50;7
62;9;;2;60;7
74;19;;2;75;7
79;15;;1;;7
39;14;100;5;57;7
71;8;;1;;7
47;10;100;4;68;7
37;10;0;3;50;6
61;14;;2;50;6
29;13;0;3;100;8
43;11;100;3;20;6
51;15;100;4;60;8
48;14;100;3;50;8
76;5;;1;;7
50;18;100;3;100;7
70;14;;4;30;6
50;12;100;3;65;8
69;16;;1;;7
20;13;100;2;10;5
40;13;100;4;50;7
38;17;100;3;70;7
63;14;0;1;;6
75;7;;2;60;7
75;14;;1;;7
77;9;;1;;7
30;12;100;3;100;
20;13;100;1;;8
64;13;;2;50;7
62;11;;2;50;7
71;10;;1;;7
39;12;100;2;100;6
29;12;85;3;30;7
48;15;100;2;50;9
67;4;;1;;6
71;4;;1;;7
42;8;;3;25;6
46;14;100;3;60;7
62;7;;2;50;7
68;7;;1;;7
62;14;;2;55;7
75;12;;1;;7
56;12;;2;40;7
40;14;100;5;30;6
26;10;;3;;
41;10;;4;0;
61;10;;3;40;6
22;13;100;3;33;7
59;12;;3;30;6
64;9;;2;40;7
18;9;;6;0;
46;16;100;3;50;7
52;10;100;7;20;6
71;4;;4;50;7
29;14;80;1;;8
73;7;;1;;6
62;11;;3;40;6
74;7;;2;50;7
72;4;;2;30;6
59;10;;4;36;7
41;13;100;4;25;6
59;12;;3;25;6
60;15;100;2;70;6
74;12;;3;100;7
48;15;100;3;60;7
73;5;;2;75;7
82;2;;1;;6
45;12;0;3;34;7
67;7;;2;60;7
27;11;;2;40;6
72;4;;2;60;7
58;10;;2;50;6
72;11;;1;;7
48;12;100;8;50;8
48;12;;2;50;7
54;11;100;3;20;7
41;15;0;2;0;
61;20;0;2;61;7
70;6;;2;50;7
46;13;;4;40;5
33;11;0;2;30;6
54;10;;1;;7
66;4;;2;50;7
27;11;100;3;100;7
35;15;100;4;100;7
24;11;100;2;70;8
72;11;;1;;7
73;7;;2;50;7
49;12;30;1;;5
63;7;;2;45;7
58;7;;5;20;6
52;11;100;5;11;5
72;1;;2;45;7
64;7;;2;46;7
66;5;;1;;7
24;11;;3;0;
71;7;;2;79;7
64;7;0;2;55;6
69;6;;1;;7
63;11;;5;30;6
48;10;100;3;30;7
85;8;;5;20;7
70;16;;1;;7
39;14;70;4;80;8
35;12;100;3;30;7
46;14;100;3;25;7
21;12;;7;2;4
18;12;;5;0;
63;21;100;1;;6
60;22;100;2;80;9
47;17;90;3;45;8
41;12;100;5;34;7
37;16;100;3;40;7
25;9;80;5;20;7
52;17;100;2;60;7
24;11;0;5;10;6
49;16;100;1;;7
20;13;;4;2;5
36;17;100;4;25;7
27;18;100;2;40;8
27;13;100;6;58;8
42;14;60;3;60;8
22;15;100;4;30;7
42;14;100;3;50;9
43;18;100;4;50;7
39;11;100;3;50;7
44;11;100;4;60;7
42;16;0;3;30;7
41;15;;3;0;
24;10;;4;0;
40;11;85;5;70;8
41;11;100;4;40;7
38;14;100;3;40;7
19;12;;3;2;5
45;12;100;4;20;7
30;11;100;3;70;7
68;11;;3;50;7
28;15;100;4;30;7
30;15;100;3;90;9
41;10;100;3;90;8
42;14;70;4;40;7
52;11;100;2;;7
35;11;100;3;100;7
61;11;;2;60;7
42;15;100;3;;7
36;15;100;3;100;8
66;18;;2;40;6
20;14;;1;;8
39;14;0;4;70;8
30;10;100;3;54;9
40;13;0;2;;6
65;11;0;2;70;7
64;4;;5;40;7
53;15;80;3;90;8
71;11;;3;35;7
31;11;75;4;50;7
39;15;;4;0;
50;15;30;3;90;8
60;11;;2;50;6
66;7;;3;30;6
47;10;100;4;40;7
39;17;60;1;;7
61;13;100;3;60;7
54;16;;1;;7
40;16;0;5;100;7
40;11;100;4;50;7
33;11;60;5;50;8
68;7;;2;50;7
77;12;;1;;7
48;10;100;1;;7
83;0;;1;;7
47;12;0;2;;7
42;16;50;2;50;7
44;10;;5;0;
39;10;60;4;30;7
41;12;100;3;60;8
23;14;100;3;;7
53;18;100;2;;8
48;15;;2;0;
62;;;2;30;6
25;16;100;4;20;8
25;11;;3;0;
43;12;70;4;20;7
46;11;100;3;50;8
39;13;100;3;10;6
19;14;100;4;20;6
47;12;100;3;70;8
51;11;50;3;100;8
63;15;;2;50;7
38;15;100;4;60;7
18;10;100;5;20;7
25;18;;3;10;6
36;10;100;4;30;7
39;14;100;3;40;7
40;13;100;4;100;8
49;14;100;3;100;8
46;24;100;3;60;8
65;7;;2;40;7
64;7;;1;;7
53;18;100;7;40;7
33;13;100;3;50;8
30;0;100;3;90;9
45;10;100;4;40;8
32;16;0;2;100;7
40;15;0;4;0;
48;15;100;4;30;7
27;15;100;3;70;9
26;15;;3;0;
49;14;100;4;30;7
64;8;;5;70;7
21;12;100;1;;7
36;11;;3;10;6
64;11;0;2;100;8
18;11;;3;0;
50;11;100;3;100;8
26;14;100;2;60;8
55;19;;4;50;7
49;14;;1;;6
60;9;;2;;
40;21;20;3;40;8
40;14;100;3;70;7
58;15;;2;25;7
34;11;100;3;50;7
36;12;100;3;40;7
48;11;100;4;50;8
52;10;100;4;30;7
53;9;100;1;;7
48;10;100;3;50;8
26;11;100;4;100;8
20;13;65;4;30;7
41;10;100;4;70;8
46;15;;3;0;
41;12;100;4;25;7
36;12;100;4;70;8
29;10;0;3;70;8
45;10;0;3;50;8
18;9;0;3;10;6
31;11;30;3;35;7
37;11;100;3;60;7
39;4;100;4;50;8
35;11;100;4;35;7
32;14;70;3;80;8
50;10;;7;0;
36;12;40;1;;7
38;14;100;2;100;7
47;11;40;3;40;8
47;20;100;3;40;8
22;14;;2;0;
58;20;100;2;;8
45;11;;1;;7
29;13;100;2;100;8
48;16;;3;0;
47;17;100;4;30;7
61;8;100;2;70;7
19;12;;4;5;5
30;15;100;1;;7
62;15;;3;50;7
43;13;100;4;60;8
21;14;0;1;;7
45;10;0;4;75;8
44;16;0;2;60;7
61;11;;2;;
36;13;100;3;;7
58;15;;2;50;7
35;11;;1;;8
42;13;100;4;60;7
45;15;40;3;;7
49;12;;2;30;7
25;15;100;3;95;8
65;7;;1;;7
33;11;100;3;60;7
24;10;100;5;25;7
49;14;80;2;60;7
46;13;100;4;;7
35;15;90;4;40;7
35;20;100;1;;8
37;14;70;2;100;7
38;13;100;4;25;7
26;10;100;2;;8
49;12;100;2;;7
25;13;100;5;70;7
25;12;;6;10;6
54;12;;3;0;
57;8;;2;100;6
33;10;0;3;0;
42;13;100;3;100;7
39;16;80;5;30;7
66;13;;5;50;7
47;12;0;3;30;8
46;12;100;3;45;7
36;12;100;4;70;8
26;13;0;6;45;8
23;11;0;4;20;6
71;9;;1;;7
27;11;80;3;50;8
18;10;;4;10;6
52;12;;3;30;7
45;11;70;3;70;8
71;16;;3;50;7
18;13;70;3;10;6
54;9;;6;0;
25;13;100;4;20;6
64;5;;3;50;7
37;21;15;3;80;10
33;8;;3;100;8
24;13;70;1;;8
18;12;0;3;10;6
54;12;0;5;20;7
43;17;70;3;70;8
41;16;100;4;39;8
43;13;0;3;40;8
46;15;100;3;50;8
50;13;80;3;60;8
61;11;;1;;6
20;14;0;2;50;7
54;14;;3;0;
74;15;;4;50;7
18;10;;4;10;6
36;11;70;4;70;8
36;18;100;3;100;9
47;18;100;2;100;7
48;16;;2;25;6
45;15;100;4;25;7
39;18;100;4;50;8
41;11;0;3;60;7
63;12;;2;60;7
41;14;;3;0;
46;11;100;4;60;8
43;18;100;4;100;9
46;14;100;3;60;8
31;10;100;4;100;9
30;14;0;3;40;7
45;16;100;3;100;8
63;9;;3;30;7
57;19;100;3;63;7
30;13;100;2;100;8
49;10;0;3;20;7
34;10;40;3;100;8
30;14;100;5;40;7
28;11;100;3;60;7
30;10;100;3;100;8
30;15;100;4;80;9
29;10;100;3;50;8
40;13;100;4;40;7
41;13;100;3;20;6
45;14;100;3;50;8
42;10;100;3;40;8
40;14;100;2;40;7
48;8;100;4;50;7
38;14;100;4;30;7
50;16;100;4;60;8
42;10;100;4;60;7
50;10;0;2;50;7
68;4;;1;;7
52;14;0;1;;6
50;10;100;3;10;6
39;13;100;2;100;7
43;8;100;2;100;7
34;14;70;2;30;7
43;10;100;2;70;8
58;7;;2;50;7
53;12;0;2;40;7
72;7;;1;;6
30;10;0;2;60;7
30;15;;3;100;6
32;8;100;3;40;7
50;7;100;2;30;6
28;10;100;4;45;8
46;;100;1;;7
24;11;;3;10;5
84;2;;1;;6
30;10;100;2;60;6
60;8;0;1;;7
40;14;100;3;60;8
65;6;;1;;7
38;11;100;3;60;8
70;7;;2;67;7
62;10;0;1;;6
42;10;100;4;60;8
45;10;100;4;56;8
34;14;100;4;50;8
44;11;100;3;55;8
40;14;100;3;55;8
34;15;100;4;100;8
22;15;;3;5;5
28;16;100;1;;8
61;11;;3;45;7
44;14;100;3;70;8
37;11;100;3;30;7
28;13;100;2;55;8
30;15;100;8;60;7
30;14;100;3;70;8
37;15;100;4;100;8
38;15;100;1;;9
23;10;30;4;80;8
35;12;100;3;100;8
36;15;100;4;40;7
23;9;;3;0;
40;12;100;3;50;7
37;10;100;4;70;7
60;7;;1;;7
23;12;100;2;100;8
19;12;;5;0;
34;12;100;4;60;7
42;12;100;3;50;8
40;10;100;4;60;8
45;15;100;4;40;7
36;15;100;4;30;7
41;12;100;4;100;8
30;12;100;2;70;8
50;10;100;5;50;8
50;10;100;6;10;6
51;10;100;3;40;7
36;10;60;6;100;8
52;12;0;3;40;7
18;10;;3;100;7
35;12;100;3;40;8
51;12;100;3;80;8
40;12;100;4;45;8
22;15;;3;0;
47;11;100;3;40;8
52;15;100;1;100;7
63;8;;5;30;7
44;14;100;3;60;8
38;11;100;3;60;8
62;12;;2;40;7
37;13;100;2;80;8
86;13;;1;;7
37;13;100;2;100;8
64;12;;2;30;7
51;14;100;3;50;7
61;14;100;2;70;8
53;14;100;3;30;7
54;15;100;1;100;8
70;8;100;2;60;7
64;8;;2;45;7
70;22;80;2;70;8
50;18;100;2;70;8
42;12;100;3;40;7
29;15;100;4;30;7
63;9;100;2;60;6
42;12;100;3;65;8
55;8;100;4;60;7
34;13;0;3;30;7
74;7;;2;70;7
65;7;;3;20;7
39;8;100;4;70;8
41;10;100;3;100;8
55;7;;2;25;6
30;18;100;3;70;8
75;7;100;1;;7
54;15;100;2;70;7
67;11;100;2;40;7
24;15;;3;10;6
37;15;;3;0;
43;10;;4;10;5
81;13;;2;30;6
25;15;;3;0;
46;12;;3;0;
40;10;0;4;100;8
43;10;100;3;100;8
66;15;;4;20;7
50;15;100;1;100;8
70;15;;2;60;7
64;13;;2;35;7
62;12;;4;35;7
63;10;;1;100;7
67;15;;2;100;7
40;12;100;2;40;7
21;12;100;2;40;8
40;11;60;3;80;9
50;15;100;4;40;8
46;15;100;3;80;8
35;12;100;3;45;8
24;11;100;3;30;8
50;10;100;4;35;8
29;15;100;4;75;8
52;13;100;3;60;8
25;13;;4;20;6
39;15;100;4;100;8
63;10;;2;40;6
46;11;100;2;100;8
25;12;100;4;50;8
69;4;;2;70;7
49;11;100;3;70;8
40;15;100;3;50;8
40;13;100;3;80;7
38;13;100;3;90;7
44;10;100;4;50;7
45;10;100;4;95;8
43;10;100;3;50;7
46;10;70;4;80;7
42;16;100;4;90;8
40;10;100;4;30;7
66;4;0;2;70;7
77;1;0;1;;6
40;10;100;3;60;7
62;4;;2;40;6
48;14;90;3;70;7
27;12;100;2;30;6
46;10;;3;0;
25;14;0;3;0;
36;12;100;4;50;7
38;10;;4;30;6
21;8;100;3;30;6
28;10;100;2;80;8
32;14;100;2;100;7
42;12;100;4;60;7
37;11;100;3;100;7
42;10;0;3;30;6
41;13;100;4;50;7
37;12;100;4;100;6
45;10;0;3;30;6
60;7;0;2;40;7
27;15;70;3;30;7
53;16;90;4;50;8
72;7;;1;;7
51;12;10;3;80;9
49;8;20;4;50;8
76;4;;1;;6
53;13;;3;10;6
41;13;15;4;85;9
49;12;50;4;60;8
55;16;0;1;;7
20;9;0;4;90;7
51;15;70;3;50;8
68;7;;1;;7
30;13;40;2;80;8
62;7;;1;;7
44;9;20;3;30;7
52;7;20;2;90;8
62;7;;2;90;7
59;7;;1;;6
48;12;0;8;30;7
79;4;0;2;70;7
76;4;;1;;6
46;13;30;4;60;9
45;15;30;5;30;7
40;13;90;3;50;7
46;10;40;3;70;8
46;15;0;6;30;7
29;10;100;3;10;6
38;12;20;4;70;8
39;8;10;3;50;7
37;13;20;3;70;8
72;1;;1;;6
61;6;;2;60;7
39;10;;3;0;
46;17;100;4;50;7
18;10;;4;0;
43;10;60;2;100;8
62;13;;2;50;7
30;11;100;4;45;7
36;11;100;4;80;8
19;12;0;5;20;7
38;14;100;5;20;6
59;7;0;5;40;8
61;6;0;2;40;7
18;14;0;5;10;6
43;11;60;7;20;7
42;12;100;4;33;7
25;17;;4;0;
40;17;100;4;50;7
45;13;70;4;70;8
42;8;50;4;65;8
47;10;100;3;20;6
54;13;60;4;40;7
41;10;100;3;50;7
36;12;100;3;50;8
30;17;100;4;20;7
29;12;100;3;10;6
62;7;100;2;50;8
50;13;68;4;70;8
57;11;88;4;50;8
36;9;100;4;70;7
66;11;;2;100;7
65;8;;5;50;7
50;15;100;3;15;6
52;8;50;4;50;7
40;15;100;1;;7
32;10;100;4;100;7
58;12;100;2;70;7
36;12;100;5;70;8
61;18;100;3;75;8
36;12;40;4;50;7
34;13;70;4;60;9
37;17;85;2;100;8
40;14;40;3;80;8
42;12;80;4;60;8
43;11;20;2;30;7
45;15;50;4;60;8
29;12;60;3;40;9
47;15;100;4;75;10
54;15;20;3;33;7
48;8;50;4;50;7
46;12;40;3;100;9
48;14;45;4;25;6
42;10;100;4;40;7
35;14;;4;0;
73;7;;1;;7
49;;;2;0;
60;10;100;3;40;7
22;10;75;2;70;8
64;4;0;2;70;7
72;5;;1;;7
47;10;70;3;70;7
54;13;100;3;40;7
52;8;0;2;50;7
39;12;0;4;60;7
41;10;20;4;80;8
42;11;40;3;100;7
42;13;100;4;40;6
38;10;0;3;70;7
20;10;0;5;20;7
40;11;100;4;88;10
33;11;100;4;100;8
76;7;;1;;6
48;14;;1;;6
43;12;100;1;;7
34;10;0;3;75;8
42;15;100;2;80;7
46;13;100;3;85;7
37;10;100;3;30;7
39;10;100;4;25;7
38;11;100;4;11;7
21;12;0;2;30;7
44;13;0;2;5;6
59;4;0;2;30;7
76;10;;1;;7
35;10;;4;0;
48;15;;4;0;
27;16;;2;0;
65;17;40;2;60;7
54;15;40;1;;7
18;11;;3;30;7
34;14;;4;0;
25;12;;3;60;8
26;15;100;3;40;8
52;18;100;3;40;8
69;18;85;2;60;7
77;19;100;2;60;8
48;18;30;2;30;7
71;5;;3;40;7
38;15;100;2;95;8
32;15;80;6;20;7
43;16;;5;80;9
25;11;;3;85;8
24;15;100;2;90;9
19;13;;2;30;6
30;13;100;2;70;8
79;17;;1;;7
48;13;75;2;100;6
56;14;100;3;40;7
86;16;;1;;7
62;7;;2;50;6
69;14;;2;30;6
18;4;;2;30;7
65;15;;3;30;7
48;16;100;3;70;8
73;15;;3;30;7
50;12;100;3;60;8
22;15;100;2;30;7
37;15;100;3;80;8
70;22;;3;50;7
24;15;100;3;30;8
25;15;100;3;40;7
41;15;100;5;50;8
46;16;100;1;;7
64;13;;2;50;7
18;4;;3;0;
79;12;;2;30;6
62;11;;2;50;6
59;11;;2;50;6
24;18;;1;;7
94;17;;2;80;8
73;7;;1;;7
87;5;;1;;7
33;12;100;2;100;8
78;4;;2;70;7
70;0;;1;;6
44;13;;3;100;9
52;18;;2;40;7
41;13;100;2;60;8
59;19;100;3;40;7
47;15;100;4;20;8
43;12;100;2;60;7
56;17;100;3;60;8
74;7;;3;20;7
53;12;100;2;40;7
45;13;100;2;90;8
18;12;0;5;26;7
23;14;;3;0;
43;11;100;3;100;8
41;15;100;3;100;8
64;7;;2;45;6
40;17;100;4;60;8
23;12;100;4;60;7
58;13;;3;20;7
52;10;100;2;30;6
60;7;;4;30;6
63;7;;4;20;5
55;16;100;2;70;8
48;18;100;5;60;9
50;13;;3;20;5
51;8;;2;40;6
76;7;;2;70;7
25;16;;4;10;6
50;12;;3;0;
30;13;70;3;60;8
42;15;;4;0;
64;7;;1;;7
25;15;;4;10;6
82;13;;4;25;6
40;12;0;2;50;7
67;8;;1;;7
68;9;100;1;;7
55;18;100;2;50;9
50;15;50;2;40;8
65;15;;1;;7
30;17;20;3;40;8
32;15;100;3;70;8
49;15;60;3;100;7
50;15;100;2;50;7
50;8;100;2;70;8
75;17;;5;30;7
72;11;;1;;7
44;12;100;2;40;8
45;15;0;2;50;7
53;15;100;3;40;8
64;17;;3;40;7
19;10;;2;20;6
35;12;;4;0;
33;15;100;3;50;10
20;14;0;3;25;8
19;13;;4;0;
54;12;70;2;30;7
42;13;100;4;100;8
72;8;;1;;7
47;11;100;5;20;6
23;17;0;5;5;6
46;10;100;3;80;9
38;15;;3;0;
50;16;100;4;40;6
21;14;0;5;3;5
50;11;100;3;40;7
27;17;100;3;30;7
60;18;100;2;100;7
37;10;50;2;100;8
42;15;80;5;70;8
45;15;100;3;30;7
43;13;50;4;70;8
67;18;;1;;7
41;15;100;4;80;8
45;15;100;3;20;6
56;16;40;1;;7
53;15;100;1;;5
42;15;100;4;30;7
24;12;90;2;30;6
26;13;0;3;30;8
23;15;;3;0;
55;8;100;5;50;7
41;13;;4;30;7
20;12;;4;0;
40;16;95;4;50;7
19;10;100;4;20;6
45;10;100;8;50;8
42;11;;4;0;
19;11;;3;0;
19;12;;4;0;
66;13;;4;30;7
40;15;100;4;30;6
44;10;;7;0;
63;15;;2;50;7
47;15;100;3;95;8
47;10;100;1;;8
43;20;100;3;30;7
38;20;100;3;30;7
21;14;100;2;30;7
40;15;90;3;35;
20;12;;2;0;
22;15;;3;5;5
41;11;100;3;30;7
22;15;100;4;40;7
44;17;;4;0;
43;12;90;2;90;7
69;18;70;1;;7
34;16;40;5;10;7
22;11;100;3;100;8
59;12;;5;20;7
26;15;100;2;80;8
20;13;;3;0;
51;18;100;2;40;8
62;25;95;3;60;7
50;12;100;2;80;7
70;16;;2;50;7
48;21;100;2;70;8
53;16;100;3;60;9
61;12;;5;25;7
25;17;0;5;10;7
47;16;100;4;28;7
71;15;;2;50;6
41;15;100;4;100;
56;17;0;2;50;8
24;16;100;3;30;7
54;17;100;1;100;8
60;12;0;2;80;8
73;7;;1;100;7
62;12;50;1;100;8
73;6;;1;100;7
81;11;;2;90;8
25;17;0;2;100;
60;18;;3;10;6
43;16;15;2;50;8
50;15;100;4;50;8
37;15;100;4;60;8
29;15;100;1;;8
43;10;0;5;10;6
53;17;40;1;;9
40;10;100;1;;7
53;14;100;2;40;7
23;18;100;2;100;8
21;15;100;4;;7
75;7;;1;;7
63;10;;2;50;7
50;10;0;3;40;6
72;10;;2;30;7
31;16;100;4;100;9
48;13;100;2;30;7
28;11;;4;0;
61;8;;1;;7
72;17;;1;;7
51;17;100;4;80;8
62;9;;1;;7
46;15;100;2;90;9
84;14;;1;;7
25;12;;2;0;
43;12;100;3;60;7
51;8;;1;;6
74;12;;2;60;7
51;;90;2;100;7
75;18;0;2;49;7
42;15;100;5;30;7
50;11;100;5;40;7
31;15;0;3;0;
31;19;100;3;40;8
38;15;100;2;90;8
35;10;50;1;;8
52;10;;6;0;
46;13;100;3;10;
67;12;;1;;7
34;15;;4;0;
32;10;100;4;80;9
25;12;100;2;100;8
41;15;100;5;30;7
42;13;100;3;30;6
44;12;;6;0;
34;15;100;3;40;8
22;15;;1;;7
40;15;100;3;50;7
53;14;0;2;90;7
45;13;100;1;;7
47;15;100;3;30;7
38;12;100;3;100;8
45;20;100;3;50;7
30;18;0;1;;
72;14;;2;75;7
72;6;;4;40;6
62;4;;4;40;7
73;7;;2;55;7
69;2;;2;65;7
72;5;;2;60;7
22;11;0;3;20;6
71;4;;3;50;7
69;7;;2;75;7
59;10;;5;35;7
75;12;;2;75;7
42;13;30;3;40;7
42;15;0;4;60;7
46;15;100;4;60;7
35;12;;4;30;7
32;14;100;4;30;6
37;14;;4;0;
41;14;100;4;30;7
41;14;100;2;20;6
43;10;100;3;70;7
35;17;100;3;100;7
19;12;;3;50;7
74;10;;2;60;7
35;14;100;2;30;6
60;15;;1;;7
48;13;100;2;50;7
44;11;100;4;40;7
18;12;;4;5;5
38;10;100;4;60;7
39;13;100;5;25;6
44;15;100;4;100;7
41;10;100;5;75;7
42;10;100;3;50;8
63;10;;1;;7
30;11;100;3;70;8
43;10;100;3;30;6
69;4;;3;40;7
38;15;100;4;30;5
33;11;0;4;100;6
77;0;;1;;7
59;7;100;4;60;6
61;20;0;2;30;6
46;8;100;3;70;7
27;10;;4;0;
79;7;;1;;6
65;9;;1;;6
22;15;;3;0;
74;5;;2;75;7
43;11;;3;0;
44;15;100;2;100;9
48;13;100;4;100;8
33;5;;3;30;6
25;11;0;4;0;
58;15;;4;50;7
73;13;;2;60;7
23;11;100;4;40;8
65;15;;2;64;7
21;12;100;3;15;5
49;11;;3;0;
20;14;;4;0;
27;11;100;3;40;7
63;10;;1;;7
33;15;100;3;30;7
56;10;0;1;;7
69;12;;1;;7
24;12;;3;90;4
65;8;;5;50;6
62;8;;2;50;6
64;8;;1;;7
66;16;;3;67;7
43;13;100;1;;7
58;12;0;1;;6
61;8;;2;70;7
49;11;100;4;30;6
52;17;100;2;70;7
71;10;;2;60;7
60;12;;2;60;6
50;21;;1;;7
72;6;;2;50;7
72;7;0;1;;6
49;14;100;2;100;9
50;13;100;2;30;6
29;11;;6;20;6
46;17;100;3;100;9
79;7;;1;;7
35;11;;5;0;
60;7;;4;40;7
28;13;100;3;10;6
51;14;50;3;50;6
76;7;;2;70;7
43;14;;3;0;
85;7;;1;;7
67;7;;4;60;7
72;0;;2;40;6
51;8;100;1;;7
66;12;;2;50;7
46;15;100;2;20;7
64;8;;1;;7
20;12;;4;5;5
42;19;;3;10;5
38;10;100;3;50;6
74;6;;2;92;7
49;10;100;3;60;7
37;15;100;4;70;7
73;12;;3;30;7
72;13;;2;50;7
74;15;;1;;7
21;11;;4;0;
35;13;100;4;80;7
72;4;;1;;7
66;5;;1;;7
71;10;;2;45;7
67;15;;1;;7
49;10;100;3;40;6
61;9;;3;50;7
47;20;100;2;100;8
44;15;100;3;80;7
26;13;;3;70;7
30;8;100;7;50;7
46;16;75;2;65;8
26;11;100;5;20;6
68;7;;3;40;7
75;8;;2;70;7
64;9;;2;50;7
70;3;;2;70;7
51;13;100;2;50;7
37;10;100;4;40;6
32;13;100;4;50;7
64;10;;2;50;6
36;11;0;4;50;7
35;10;100;4;100;8
71;3;;3;40;7
40;15;100;2;50;8
73;3;;2;55;7
53;10;;2;60;6
70;5;0;1;;6
33;14;90;3;30;6
80;4;;1;;7
70;8;;1;;7
63;10;;2;60;6
38;12;100;3;100;7
31;15;100;2;100;6
66;4;;2;40;6
86;4;;1;;7
64;10;;1;;7
22;11;;2;0;
57;10;;3;20;6
51;14;100;2;77;9
88;3;;1;;6
64;11;;2;50;7
21;10;100;3;30;7
21;14;;5;20;5
48;13;;3;55;7
25;15;100;3;100;7
29;15;;3;10;5
61;9;;2;50;7
28;13;;4;20;6
50;12;100;2;50;7
38;12;;4;0;
53;8;0;3;70;6
61;16;;2;60;7
53;8;100;2;80;7
26;13;;3;0;
26;13;30;1;;8
76;4;;1;;7
27;12;100;6;50;6
25;10;;4;0;
41;13;100;5;60;7
62;7;;2;60;7
60;11;;2;70;7
82;5;;1;;7
73;8;;3;70;7
47;10;100;1;;7
20;10;;3;0;
21;13;;4;0;
49;10;100;2;60;7
49;10;;3;0;
70;10;;1;;6
82;3;;1;;7
71;5;;2;30;6
39;12;100;4;50;8
48;13;100;2;60;7
25;10;100;2;30;6
31;13;;3;100;7
47;11;30;5;;6
62;5;;5;35;7
52;11;;4;0;
59;8;100;3;20;5
81;5;;1;100;7
58;13;;2;50;6
57;14;;4;25;6
73;5;;3;20;6
68;3;;1;;6
34;12;60;3;80;7
91;0;;1;;7
43;12;;4;0;
27;11;100;3;50;6
65;4;;3;30;6
60;14;;4;60;7
67;4;;2;60;6
41;10;100;3;65;6
37;10;100;4;60;6
70;5;;4;100;6
64;6;;1;;7
36;16;90;3;60;7
24;12;100;5;15;
76;25;;1;;7
64;4;0;1;;7
64;10;0;2;60;7
75;12;;1;;7
60;21;0;2;60;7
38;16;70;3;80;7
45;13;100;3;80;7
46;13;;2;50;7
64;7;;3;50;7
72;7;;1;;6
25;12;;4;0;
43;10;0;1;;5
48;4;;1;;7
39;11;100;5;13;5
45;11;;3;0;
20;10;;4;0;
32;8;100;3;100;8
73;4;;1;;7
74;6;;1;;6
58;2;;2;40;6
29;14;;5;33;6
50;12;70;2;80;7
35;13;0;4;30;7
30;8;;7;20;6
72;5;;1;;7
52;15;;4;20;6
22;11;100;3;10;6
63;10;;2;100;7
61;1;;1;;6
72;4;;1;;6
60;5;;2;50;6
70;5;;1;;6
46;12;;6;0;
32;15;90;3;70;8
89;0;;4;50;7
65;8;;6;40;7
29;15;100;5;50;8
46;17;100;4;30;7
60;13;;2;50;7
63;15;;2;50;7
58;11;100;5;60;7
71;7;;2;35;6
21;10;100;4;25;6
61;4;;2;60;7
70;7;;2;30;6
65;13;;3;45;6
20;11;100;2;100;6
63;7;;5;25;6
85;1;;1;;6
29;11;100;3;5;4
50;8;0;3;70;7
20;12;;3;0;
76;7;;1;;7
54;14;90;2;70;7
85;7;;1;;7
82;10;;1;;7
37;10;100;4;40;6
71;11;;1;;6
67;10;;1;;7
37;8;100;6;45;6
51;11;;3;40;6
78;4;;1;;6
70;4;;1;;6
53;17;100;3;75;8
35;10;0;4;0;
65;7;;2;40;6
59;7;;6;33;6
63;2;;1;;7
55;11;70;2;20;7
58;8;;5;30;6
61;12;;5;50;6
59;9;0;4;10;5
22;11;0;6;10;5
81;4;;2;70;7
74;4;;2;30;6
70;5;0;2;50;7
75;7;;1;;6
25;8;0;3;33;
69;5;;1;;7
74;11;;1;;7
59;19;;5;35;7
31;2;0;5;30;5
45;11;0;4;45;7
75;7;;3;80;7
32;7;0;2;40;7
49;5;100;7;90;6
37;10;0;2;0;
27;12;100;5;10;5
20;13;100;5;20;6
53;15;80;2;100;9
29;12;100;3;33;6
67;13;;2;40;7
35;10;;3;0;
45;8;100;2;47;7
41;14;80;4;60;
69;7;;1;;7
19;13;0;2;20;6
48;10;100;4;40;7
65;17;100;1;;7
52;;80;2;50;7
45;15;;3;0;
65;8;;2;50;7
24;18;30;2;100;
23;17;;3;0;
61;9;;2;50;7
25;15;100;3;100;8
25;15;90;3;40;7
75;12;;1;;7
68;;;2;50;4
19;12;0;1;;7
21;15;100;4;30;7
18;11;100;2;33;7
22;15;90;2;70;8
27;12;100;1;;9
36;16;100;2;100;7
73;4;;2;40;6
31;44;100;5;45;8
38;11;70;2;70;8
60;13;;3;20;7
35;10;100;1;;7
60;12;;4;30;7
50;18;100;4;30;
27;13;100;3;30;7
68;15;;3;50;6
61;15;;1;;7
24;13;0;4;0;
59;10;100;2;40;7
50;13;0;5;10;5
70;7;;2;40;7
35;13;100;2;85;
26;15;100;3;70;8
58;13;100;2;60;7
25;11;100;3;40;8
72;5;;2;60;6
65;13;;2;30;7
37;14;100;4;80;8
21;11;100;4;30;
60;17;0;2;50;7
46;18;90;3;40;
58;13;100;2;60;7
21;11;;4;0;
70;7;;2;50;7
60;15;100;2;40;8
22;15;100;1;;
20;13;0;1;;
24;14;100;1;;
47;18;100;3;20;
27;13;100;1;;
20;8;100;2;50;7
61;12;100;2;60;7
63;19;;1;;7
55;17;100;3;20;6
72;6;;2;50;7
24;15;100;2;50;
37;9;100;6;70;8
41;12;100;2;100;8
19;12;100;4;20;7
49;12;100;4;50;8
47;11;100;3;60;7
53;10;100;2;100;8
23;15;50;3;;8
43;13;100;3;60;8
31;14;100;4;40;7
57;14;100;4;30;7
55;11;100;4;70;8
42;11;100;3;40;7
44;11;100;3;40;8
30;10;;7;0;
18;12;;2;0;
48;15;100;3;50;7
69;4;;1;;
32;12;;5;0;
63;7;;3;40;7
46;12;80;5;40;8
41;15;;3;70;8
54;10;100;2;50;8
50;10;;2;50;7
55;43;70;6;30;7
45;15;100;4;50;8
18;11;100;3;20;
21;16;100;2;50;7
21;12;30;1;;8
45;10;100;2;60;7
50;14;;2;20;6
71;10;;2;50;7
42;15;;4;10;7
39;10;;3;0;
37;13;;3;3;3
50;11;;3;50;6
54;15;100;1;;7
70;7;;2;50;6
32;15;100;3;70;7
29;11;100;3;40;7
67;3;;2;50;6
45;10;50;3;80;9
46;7;100;2;50;6
50;10;;2;50;6
44;8;;2;75;7
62;8;;3;45;7
18;12;;3;0;
27;11;100;3;50;7
66;18;100;1;;7
60;10;;1;;7
41;17;40;2;75;7
33;13;100;4;40;7
60;13;;4;60;7
39;15;60;4;45;8
31;11;;4;90;8
24;15;50;1;;9
34;12;100;3;60;7
57;12;100;3;60;8
50;13;100;6;25;7
25;14;0;2;;7
18;12;;3;35;7
57;11;;2;20;7
71;7;;1;;7
50;10;100;3;50;8
20;14;0;4;20;
34;17;;4;0;
18;10;;1;;
42;11;100;5;50;8
20;13;100;2;50;7
60;10;;1;;7
52;10;;12;;
74;7;;1;;7
18;11;;4;;
42;8;100;6;20;6
53;8;100;6;30;7
45;14;100;4;60;9
40;15;100;4;40;7
45;12;100;2;50;6
40;12;;7;0;
62;10;100;1;;6
39;12;100;5;45;7
71;8;;2;70;7
32;15;100;3;20;7
50;12;40;4;20;7
29;4;;2;60;7
74;7;;1;;7
60;9;;1;;7
30;12;100;3;65;7
49;10;;4;30;6
41;11;100;5;30;7
19;13;0;3;10;
63;18;;1;;7
72;11;;2;40;6
18;11;;5;20;5
58;20;;1;;7
18;11;;3;;
45;11;100;3;100;7
39;12;100;3;70;8
53;12;100;5;70;8
31;15;80;1;;7
70;7;100;1;;7
78;10;;2;50;7
72;7;;3;50;7
68;8;80;1;;7
63;12;;2;60;7
63;10;;2;50;7
64;8;0;1;;7
63;13;;1;;7
76;12;;2;20;7
45;13;100;7;;7
51;12;95;2;40;8
18;11;;4;0;
38;13;100;4;60;8
30;12;100;4;30;7
20;15;100;5;60;9
60;13;;1;;
20;10;;2;0;
63;7;;2;50;
71;6;;3;40;
50;15;100;5;10;
31;14;100;3;70;
36;14;100;1;;7
34;10;;4;0;
73;18;100;1;;8
38;9;;3;0;
60;10;;3;40;7
66;16;;1;;7
27;11;100;2;70;7
50;13;;3;0;
53;11;;3;30;6
43;11;100;1;;7
48;11;100;3;60;7
69;7;;2;50;7
64;12;;3;25;7
75;15;;1;;7
19;10;70;3;50;8
61;16;;1;;
18;10;;3;0;
57;15;100;2;60;9
31;15;100;3;70;
54;10;;3;30;7
22;11;;4;100;
41;13;100;3;100;7
21;12;100;4;30;7
66;14;;2;40;6
33;16;;4;1;3
34;11;85;4;43;8
61;15;;2;80;7
73;15;;2;60;7
53;15;80;2;50;
36;15;100;3;50;
58;11;100;2;30;
68;19;50;2;60;7
65;5;;1;;
40;13;100;3;60;
63;10;;2;50;7
63;10;;2;50;7
20;8;50;3;50;8
43;9;100;3;60;7
21;13;100;3;60;
47;14;0;3;30;7
35;15;;4;50;6
50;13;;2;0;
31;15;100;3;40;9
72;10;;2;50;7
49;14;100;2;80;8
70;15;;1;;7
19;10;0;4;0;
41;11;100;7;30;7
23;17;0;2;50;8
62;6;;1;;7
24;12;100;3;50;8
27;13;100;1;;8
27;11;;5;80;8
37;11;100;5;70;8
68;12;;3;45;7
43;10;;12;0;
45;14;100;4;40;8
42;10;100;4;100;8
35;15;100;4;12;6
45;10;;3;40;6
30;9;0;2;50;8
39;11;100;5;100;7
20;8;100;4;30;6
73;5;;2;60;7
39;12;90;4;99;
25;14;100;3;40;
49;10;100;4;50;8
63;7;;1;;6
33;16;100;3;50;9
51;11;100;2;70;8
23;15;;3;0;
22;8;;5;20;7
39;13;;4;45;7
44;15;100;4;40;8
62;17;;3;10;6
24;12;100;3;100;9
39;11;100;1;;8
53;15;60;1;;7
59;11;100;2;60;7
26;15;100;2;50;8
25;15;0;3;10;7
53;7;;3;50;7
25;15;100;3;100;9
59;11;100;5;20;7
59;10;100;3;40;7
70;14;;1;;7
22;17;100;4;15;7
68;15;;2;50;7
38;15;100;4;50;9
48;12;50;4;50;8
66;12;100;2;80;8
20;13;100;4;20;
40;15;0;4;30;8
42;12;100;4;70;7
19;11;100;4;20;6
43;14;100;3;70;8
39;12;100;3;70;7
39;14;100;1;;9
63;15;;4;25;6
37;14;90;4;20;7
61;17;100;2;100;7
42;16;100;4;90;
36;16;;4;0;
45;13;100;3;70;
35;16;100;3;60;
37;15;100;2;30;
59;15;100;2;50;
29;17;100;3;30;
32;15;100;3;70;
44;13;100;2;80;
28;11;;3;0;
69;4;;3;60;7
25;17;100;3;20;6
24;15;;3;0;
65;8;100;3;35;6
40;10;100;3;100;9
70;8;;2;50;6
45;12;50;2;100;7
23;13;;3;0;
35;15;100;3;60;7
60;10;;2;50;7
25;8;;3;0;
19;12;;3;0;
24;10;100;5;25;6
40;10;100;4;50;7
21;13;80;4;10;6
69;8;;2;50;7
37;12;;6;50;7
72;8;;2;100;7
40;11;100;2;100;7
27;13;0;3;100;6
62;15;100;5;30;7
64;6;;1;;7
26;11;100;3;20;5
69;7;;2;70;7
71;6;;2;50;6
78;5;;1;;7
34;11;100;7;100;6
45;8;100;4;70;8
37;15;100;5;80;8
55;13;100;4;50;8
24;12;100;1;;8
78;7;;2;40;7
41;8;0;3;70;8
61;10;;1;;7
28;12;100;3;70;8
40;14;100;2;50;8
32;14;100;4;70;8
28;12;100;4;70;8
74;8;;2;70;7
74;8;;2;50;7
73;6;;1;;7
40;10;70;4;70;8
36;12;50;4;100;9
51;15;100;3;80;7
29;16;100;3;40;8
62;8;;2;100;7
38;12;0;3;34;7
79;12;;5;10;6
25;15;100;2;70;
30;11;100;2;100;7
35;10;100;1;;7
40;13;;4;0;
72;11;;2;50;7
35;12;100;1;;
70;10;;1;;7
42;15;100;3;100;5
78;10;;2;70;7
36;15;100;4;30;
74;4;;2;90;7
79;4;;1;;7
26;16;100;3;45;7
63;10;;2;30;7
72;10;;2;50;7
38;12;100;4;50;8
75;4;;2;100;7
21;14;100;4;10;6
72;4;;5;20;7
75;14;;6;30;7
18;11;;3;5;4
23;12;;4;0;
77;8;;1;;7
76;1;;1;;7
54;7;;2;30;6
43;10;100;2;100;8
82;2;;1;;7
50;11;100;4;10;5
86;0;;3;30;7
61;8;;1;;7
72;8;;2;40;7
50;13;100;5;30;8
70;7;;2;50;7
74;7;;2;40;7
30;14;100;4;50;9
32;10;0;4;100;7
52;11;95;5;30;7
44;10;100;2;60;7
45;11;100;2;80;8
43;8;;1;;5
70;4;;2;70;7
44;14;100;4;30;8
28;10;;3;0;
75;15;;1;;7
47;13;100;1;;7
39;12;100;3;50;8
29;10;100;2;60;7
70;5;;2;;
67;10;;1;;7
20;10;100;5;40;7
54;12;100;2;40;7
75;7;;1;;7
47;10;100;3;100;8
75;7;;2;60;7
75;8;;1;;7
77;7;;1;;7
51;10;100;2;25;7
67;8;;2;50;7
35;13;100;2;100;8
31;11;100;3;50;7
67;9;;1;;7
70;17;;2;50;7
31;11;;4;0;
42;12;;4;0;
77;10;;2;55;6
35;10;100;3;100;8
39;15;100;3;30;7
48;12;100;1;;7
75;4;;2;45;7
34;11;100;1;;8
20;11;0;2;90;7
23;10;100;3;20;6
33;11;100;1;;6
74;4;;1;;7
43;14;100;3;20;6
57;10;100;2;40;7
39;13;100;5;50;7
50;11;100;2;80;8
42;8;;2;0;
18;11;;3;10;5
52;9;100;3;70;8
47;10;;2;0;
46;11;100;4;50;7
51;12;;2;0;
24;13;100;1;;7
53;10;100;1;;7
60;7;;2;100;7
44;13;100;3;40;6
76;9;;2;50;7
34;10;100;4;40;7
42;14;100;4;50;8
53;10;;4;40;7
49;14;;3;80;7
80;3;;2;60;7
55;14;;2;50;7
78;7;;1;;7
19;14;100;5;20;7
51;11;100;1;;7
73;6;;1;;7
44;10;100;3;50;7
18;9;;4;0;
29;12;100;4;40;7
38;11;100;3;60;7
60;5;;2;50;6
62;8;;2;40;7
62;9;;2;50;6
46;13;100;3;60;8
33;16;10;3;50;7
60;8;;1;;7
29;8;100;3;100;7
50;8;;1;;7
64;8;;1;;7
43;10;;3;0;
69;8;;2;60;7
38;10;100;3;50;7
43;10;100;4;50;8
53;8;;4;25;
61;4;;3;50;7
52;11;;1;;7
76;6;;1;;7
22;8;60;4;40;7
58;11;;3;60;7
19;12;100;3;50;6
68;10;;3;60;7
47;10;100;2;100;9
31;15;100;3;100;8
74;7;;2;60;6
75;8;;2;50;6
69;13;;1;;6
65;10;;2;;
21;15;;2;0;
45;13;100;4;60;7
45;14;;6;0;
46;12;;4;0;
27;15;100;3;40;6
45;14;100;3;50;8
46;15;100;3;50;8
42;17;100;2;50;8
35;11;;1;;6
20;14;100;3;100;7
28;14;;3;0;
45;13;100;4;70;9
63;7;;1;;7
75;8;;1;;6
70;8;;1;;6
47;10;100;4;50;
49;10;;2;0;
54;10;;6;10;5
47;14;100;3;60;8
60;4;;2;50;6
37;14;100;3;70;7
35;14;100;3;50;7
26;18;100;3;;8
73;7;;2;30;6
42;10;;2;0;
60;8;100;2;65;7
44;12;100;2;70;8
43;11;;2;100;7
51;10;100;2;60;7
75;14;;3;40;7
58;7;;3;50;6
23;13;100;3;;
66;17;;3;60;7
36;13;100;2;;7
72;8;;1;;7
30;14;100;4;100;9
29;13;100;3;80;8
61;13;;1;;7
50;10;100;4;25;7
64;5;;1;;7
71;13;;2;40;6
63;9;;1;;7
65;7;;2;50;6
47;13;100;3;100;7
37;15;100;4;70;
47;12;100;2;70;7
47;8;100;3;80;8
39;10;;7;0;
33;10;100;3;40;7
70;7;;1;;7
18;10;;1;;8
38;13;100;2;60;8
51;15;100;1;;8
63;7;;2;50;7
24;10;;4;0;
43;13;100;3;30;7
43;12;100;4;50;7
45;14;100;4;50;
63;8;;2;50;6
24;12;100;3;40;7
75;5;;1;;7
42;8;100;3;20;
69;13;;1;;7
73;6;;1;;7
22;9;100;2;30;7
35;10;100;3;60;8
37;10;;5;0;
27;8;;5;0;
77;2;;1;;6
81;12;;2;40;6
73;7;;6;10;6
32;13;100;3;50;7
70;3;;2;40;6
67;2;;2;40;6
67;14;;1;;6
20;10;100;1;;7
35;16;100;4;40;7
33;11;100;2;50;7
74;7;;1;;7
20;13;0;3;50;8
61;12;;1;;7
26;10;100;3;25;7
51;19;70;2;30;6
44;18;100;3;24;7
43;14;100;1;;7
68;9;;2;50;7
76;2;;1;;7
24;12;100;3;90;
64;15;;8;35;7
42;15;100;4;100;9
73;9;;1;;7
43;11;100;4;40;7
79;4;;1;;6
36;12;100;4;50;8
59;8;;1;;6
62;1;;2;55;7
46;12;100;4;70;8
52;10;100;2;70;8
74;6;;4;40;7
45;13;;4;0;
49;10;100;2;50;6
60;8;0;1;;6
45;14;100;3;100;7
46;11;40;3;100;8
40;11;90;3;70;7
74;9;;1;;7
24;17;100;3;35;8
67;9;;1;;7
61;7;;2;100;7
71;8;;2;30;6
64;11;;2;60;7
75;0;;1;;6
70;8;;1;;6
56;10;;2;50;7
69;9;;2;50;6
87;3;;1;;7
87;0;;1;;6
23;12;100;3;0;
69;7;;1;;7
38;11;100;5;25;6
53;10;;3;40;7
64;8;0;2;100;6
37;11;0;4;100;6
56;7;;2;50;7
42;15;;6;100;7
37;11;80;3;100;8
44;10;100;2;60;7
77;10;;1;;7
62;7;;1;;7
51;13;30;2;40;8
43;10;100;4;99;9
67;4;;1;;6
75;7;;1;;7
53;7;60;2;35;5
21;13;;4;0;
60;7;;2;50;7
73;6;;2;100;7
19;13;;3;0;
60;8;0;2;40;7
39;12;;6;10;6
45;15;0;4;33;7
19;10;100;5;20;7
60;19;100;3;30;7
70;4;;1;;7
55;7;;2;50;6
62;10;;2;60;7
53;12;100;3;20;7
58;9;100;2;60;7
60;12;;1;;7
45;13;100;2;80;7
48;10;100;3;70;8
47;12;100;4;25;6
78;7;;1;;6
63;4;;2;40;6
75;7;;2;70;7
60;7;;2;30;6
31;18;100;2;50;6
29;8;90;4;95;8
67;11;;3;;
53;10;100;3;30;6
69;8;0;2;40;7
41;11;100;1;;8
48;11;100;5;100;6
38;12;100;3;40;7
57;7;;2;40;5
82;3;;1;;7
65;8;;2;50;6
92;4;;1;;7
58;9;0;2;50;7
44;8;100;4;60;7
46;13;50;2;70;8
21;10;;5;0;
39;12;100;4;70;7
28;15;35;4;10;6
48;11;0;3;100;7
66;7;;2;35;
46;13;100;3;60;7
72;6;;1;;7
72;8;;1;;7
76;8;;2;50;7
73;8;;1;;7
59;13;;3;50;7
43;9;100;4;50;7
68;4;;1;;7
72;4;;1;;7
22;11;60;1;;7
33;10;100;4;40;6
62;8;;1;;7
57;10;;1;;7
40;10;100;1;;8
61;8;;2;40;6
68;5;;2;60;6
56;10;;1;;7
48;10;100;2;100;6
18;12;;3;;
50;12;;1;;
74;18;;2;60;7
76;15;100;1;;7
21;17;;4;10;
53;19;100;4;70;7
50;15;100;4;50;7
59;15;;1;;8
79;16;;1;;7
29;15;100;2;80;8
29;17;;2;100;7
38;16;100;4;50;9
36;10;100;2;100;8
57;8;100;2;70;7
49;13;100;3;34;7
73;5;;3;40;6
43;10;;5;50;7
38;14;100;4;80;8
21;15;100;4;40;7
49;11;100;6;30;7
82;4;;1;;7
49;20;50;1;;8
54;14;;2;;
64;15;100;1;;
20;13;;2;10;6
53;19;90;3;19;7
21;14;30;3;90;8
62;1;;2;55;7
39;17;100;4;30;8
65;7;;2;40;6
44;14;100;2;100;7
21;12;;4;0;
49;10;10;3;34;6
30;10;;2;0;
45;13;100;4;30;7
30;15;100;2;50;8
53;12;;2;35;7
44;14;100;3;70;8
42;13;100;4;50;7
58;15;100;2;70;8
53;10;100;4;;7
74;10;;2;50;7
22;15;90;1;;8
79;2;;1;;7
48;15;100;4;80;9
26;16;100;1;;8
43;15;100;3;50;8
63;14;;2;;
38;16;100;2;100;9
56;12;;5;30;7
68;7;;2;50;7
84;14;;1;;7
19;13;90;3;40;8
64;10;;3;50;7
62;7;;4;25;6
77;5;;1;;6
45;12;100;3;60;8
24;12;;4;0;
47;15;30;3;30;5
20;20;;2;10;6
50;14;100;4;20;7
50;15;100;2;60;7
35;10;100;3;70;7
25;13;100;3;20;6
35;12;100;3;100;8
25;15;100;1;;7
33;15;100;2;100;8
37;14;;4;60;8
23;15;100;3;40;6
30;14;100;3;60;8
33;16;100;3;50;8
45;13;60;2;75;8
59;7;;2;50;7
55;15;100;4;30;8
56;13;100;2;50;7
60;14;;2;30;7
31;12;;3;20;7
37;12;100;3;100;8
51;13;100;4;30;7
37;14;100;4;80;8
52;8;100;1;;
61;8;;2;35;7
39;13;100;4;65;8
88;10;;3;25;7
18;12;0;3;70;7
34;13;100;4;45;7
24;13;100;3;35;8
40;16;100;3;80;9
39;9;100;3;50;8
53;10;100;2;80;8
40;12;100;3;;7
26;15;100;2;30;8
32;10;100;4;95;8
27;8;100;4;30;7
76;7;;2;40;7
34;13;100;3;100;8
23;15;100;3;30;8
55;12;100;1;;7
25;13;90;3;75;8
39;9;;3;30;7
44;13;10;4;50;7
42;10;100;4;90;9
52;10;100;5;99;10
44;15;100;1;;7
38;12;100;2;100;8
41;12;100;4;60;8
44;12;100;2;80;8
40;12;100;4;20;7
18;11;;3;0;
40;13;100;2;80;8
39;8;100;2;60;8
36;10;100;3;100;8
39;11;100;3;50;7
28;13;100;3;60;8
44;13;;2;50;8
25;15;70;3;90;8
57;7;;4;40;6
48;11;100;2;100;8
54;8;;2;;
27;10;100;3;90;8
25;13;;3;50;7
18;12;;3;33;7
61;19;80;3;100;7
23;13;100;4;15;6
49;19;100;3;70;9
18;11;;3;25;6
18;42;;1;;7
36;13;;3;;7
41;12;;2;;7
72;14;;3;40;6
18;12;0;4;1;2
23;10;100;4;40;7
19;16;0;2;;5
30;12;70;4;60;8
42;16;100;4;50;7
18;10;0;1;;7
48;15;100;3;34;8
21;14;25;3;10;6
21;14;;1;;9
50;12;100;3;70;8
20;13;;4;0;
47;15;100;5;80;6
44;15;100;3;20;7
48;15;100;2;20;7
59;8;100;1;;7
20;13;0;2;10;5
25;15;70;2;100;9
46;13;100;3;100;9
20;13;;5;0;
32;16;100;4;20;6
28;18;50;3;70;8
22;12;;3;50;6
18;11;;4;;
75;15;;5;50;7
34;15;100;6;60;7
63;10;;1;;7
86;0;;1;;7
62;10;;2;;
66;10;;3;33;7
51;15;;2;0;
51;9;;1;;6
32;15;70;2;95;9
42;16;90;1;;8
34;12;90;3;100;9
64;15;;2;50;7
26;20;;5;99;8
66;17;;2;45;7
56;17;50;3;60;8
76;10;;1;;7
54;14;95;3;55;7
41;12;90;3;60;8
47;12;100;2;50;
59;12;;3;50;7
53;17;;5;0;
47;16;100;4;50;7
60;9;;4;;
51;16;100;3;50;8
36;13;;3;0;
28;15;100;1;;8
62;15;100;2;70;8
54;16;100;4;50;7
22;15;100;2;5;4
54;10;100;3;70;7
35;11;;3;0;
67;15;;2;45;7
65;9;;2;50;7
67;10;;1;;7
39;12;;3;50;7
62;10;;2;40;6
74;14;;3;10;6
30;15;100;2;100;7
41;11;;3;0;
22;13;100;3;20;7
34;15;0;3;30;7
38;8;100;3;50;7
40;17;100;3;80;8
28;13;100;4;90;8
65;8;;1;;7
42;10;100;4;90;9
42;17;100;5;5;6
53;8;100;3;50;7
33;10;100;1;;7
63;18;;2;30;6
32;15;100;3;30;6
43;9;80;1;;8
25;14;100;3;20;7
23;13;100;3;20;7
50;16;100;3;100;9
53;16;100;3;70;8
29;10;100;3;30;7
19;12;;1;;7
19;12;;4;30;7
50;17;100;4;70;8
19;13;40;3;5;6
35;15;50;3;50;8
55;14;0;3;;8
19;12;100;4;20;8
48;15;100;6;40;7
20;13;100;4;35;8
18;13;;4;30;6
69;14;;1;;6
52;15;100;3;100;8
52;15;100;2;50;8
45;13;;2;50;7
44;10;100;2;100;6
60;17;;2;50;7
37;11;;1;;
49;15;100;2;50;8
50;13;100;1;;7
37;16;100;3;50;6
48;14;100;5;100;8
30;12;100;4;50;7
46;15;100;4;70;7
45;16;100;3;50;7
53;17;100;2;75;8
70;13;;1;;7
84;2;;1;;7
54;16;100;3;50;8
28;12;100;3;31;
35;14;100;4;30;7
45;12;100;3;70;7
26;10;;3;33;7
73;7;;3;20;6
40;14;;3;40;7
73;5;;1;;7
22;15;100;3;100;7
43;17;100;4;40;6
42;14;100;4;30;7
61;11;;2;40;7
29;16;100;4;60;7
33;13;100;4;75;7
35;15;;6;25;5
50;17;100;2;100;8
57;15;;1;;7
26;11;100;2;50;
73;;;2;50;7
69;5;;2;50;7
39;12;100;7;45;7
64;8;;2;50;7
42;10;100;2;50;7
41;14;75;4;20;6
36;12;100;4;70;6
29;12;100;4;;7
34;10;100;3;90;7
39;12;100;4;70;8
39;12;100;4;30;7
45;16;100;2;70;7
45;13;100;4;;7
44;12;100;5;100;7
31;10;100;4;100;7
45;10;100;5;30;7
35;11;100;4;30;7
42;11;100;3;50;7
21;2;;5;0;
30;12;100;3;100;7
43;9;;4;;
20;10;;3;;7
37;13;100;5;30;6
27;46;100;4;25;4
60;16;;5;20;6
51;12;100;3;80;8
38;16;75;4;;7
34;11;100;4;50;6
38;11;100;3;100;6
40;15;100;3;50;7
66;11;;2;60;7
44;11;100;4;50;7
39;13;100;4;60;
34;15;100;4;30;7
35;12;;4;25;7
46;13;100;3;;
49;8;100;3;50;6
29;15;100;4;50;
43;12;100;4;55;7
50;14;100;4;50;
78;7;;1;;6
53;15;100;3;;7
66;7;;3;;
45;11;;3;;
39;11;;6;5;4
39;16;100;4;45;8
55;15;100;2;30;8
45;17;100;2;100;7
41;15;95;3;80;8
34;13;;4;80;7
46;10;100;6;40;5
52;17;100;2;50;7
27;18;100;3;60;7
48;15;;4;60;7
48;11;;3;50;6
49;15;100;2;60;7
41;12;100;3;50;6
40;10;;3;40;6
39;10;100;3;100;7
46;8;;3;50;7
60;4;;2;50;7
47;12;100;3;60;6
45;14;100;4;50;8
44;14;100;3;;7
46;12;;3;40;8
29;13;100;2;50;7
36;10;100;1;;6
31;14;100;3;50;7
38;11;50;2;100;5
30;10;;2;;
34;11;;1;;7
29;12;80;2;100;6
41;14;100;4;50;8
28;11;100;4;50;6
35;11;10;4;80;9
60;11;;2;60;7
65;7;;1;;7
27;11;;4;50;7
52;11;100;2;50;7
43;12;40;5;80;7
28;14;;3;18;6
43;10;100;3;10;5
44;13;100;4;25;7
22;11;100;3;50;7
19;12;100;4;;7
47;11;100;4;30;7
48;15;100;3;20;7
24;15;100;3;90;7
27;11;100;2;40;6
44;11;100;4;80;5
26;10;90;4;60;6
60;7;;3;50;7
62;8;;2;40;6
45;10;100;2;20;6
50;6;100;5;50;7
32;10;100;3;40;7
47;14;100;3;60;7
40;17;100;4;50;9
61;11;;2;50;7
69;16;;2;;
40;14;100;2;70;7
26;15;100;2;45;7
32;11;;4;50;6
28;11;100;4;50;8
22;11;100;3;80;5
50;8;;5;;
40;16;30;1;;
38;11;;6;;
68;10;;2;50;7
33;12;;1;;
41;11;100;4;;7
42;12;;4;0;
35;15;;4;50;7
25;17;40;2;60;8
48;12;100;4;40;8
63;13;;2;50;6
29;13;90;3;55;8
80;7;;1;;7
74;9;;1;;7
50;13;100;3;25;7
53;12;;2;10;7
50;13;100;5;5;6
22;10;100;3;50;7
46;20;80;2;70;8
46;13;100;2;60;9
44;17;100;4;70;9
75;5;;1;;7
24;13;;3;20;7
73;7;;1;;7
47;13;100;2;75;7
50;10;100;3;50;7
20;12;;3;20;5
54;15;100;1;;9
38;11;100;5;100;7
48;11;100;4;50;7
46;9;;5;0;
45;15;100;3;30;7
32;12;;5;50;6
62;10;;3;50;6
43;10;100;4;30;7
65;4;;2;70;7
52;20;;2;55;7
74;4;;1;;7
77;4;;1;;7
48;15;95;6;30;7
46;21;80;2;75;9
41;17;60;4;80;8
45;14;100;2;70;8
46;14;100;3;55;7
62;14;;2;50;7
20;13;;3;0;
63;13;;2;60;7
62;7;;2;50;7
42;10;80;2;50;6
19;10;;4;0;
20;13;100;3;32;7
35;20;95;3;65;8
49;15;75;3;80;8
23;10;100;3;100;8
59;5;;1;;7
36;11;100;5;100;8
57;10;100;2;100;7
69;6;;2;50;7
35;13;80;3;70;8
33;12;100;4;40;6
37;10;100;3;100;7
41;12;80;3;90;9
43;15;100;3;45;8
39;15;100;4;10;7
40;10;100;4;60;7
46;10;100;4;40;7
18;10;;2;0;
19;12;100;5;25;7
60;8;;2;60;7
54;12;;1;;7
60;11;;2;50;7
67;13;;2;40;7
33;15;100;4;80;7
24;17;;2;100;5
53;13;;2;50;7
41;12;100;5;40;6
60;15;;2;50;7
67;13;;2;45;7
51;12;;4;40;6
29;10;100;4;80;7
48;16;;4;0;
20;12;;3;0;
65;10;;1;;7
20;12;;4;;
52;13;100;4;35;8
27;12;100;4;30;6
24;11;;2;;
60;16;;2;65;7
36;12;;3;60;7
63;16;;2;100;7
28;12;100;2;;8
19;11;;1;;6
30;12;;1;;5
25;12;;2;45;6
60;15;100;2;40;7
70;14;;2;100;7
42;11;100;6;10;5
49;10;100;4;10;5
42;13;100;4;100;7
56;16;100;3;80;7
43;10;100;2;20;7
45;15;100;1;;
38;16;100;5;50;8
42;18;;3;0;
25;17;100;2;100;9
41;12;90;2;100;7
49;11;100;7;20;7
48;12;100;2;40;7
48;16;100;7;60;8
23;11;;2;10;4
30;11;100;4;100;7
25;12;100;3;60;6
62;8;;2;;
65;8;;1;;7
38;12;70;3;;8
38;12;100;3;40;5
40;7;;3;60;6
38;12;100;6;100;8
37;15;10;7;10;
19;12;;3;;
52;12;100;3;40;7
43;14;100;4;95;10
34;14;100;3;50;7
48;13;100;5;35;8
76;9;;2;50;7
60;18;;1;;7
34;6;97;5;60;8
39;16;100;4;20;6
40;15;100;3;100;8
37;14;100;4;0;
52;15;100;4;40;7
20;14;;2;50;7
46;13;70;4;60;7
48;14;0;3;50;8
20;13;;3;0;
92;13;;3;30;7
43;12;100;3;70;
37;16;100;3;35;7
28;17;100;3;20;6
18;11;;2;15;5
63;7;;2;50;7
72;11;;2;100;7
70;4;;2;50;7
58;12;90;2;25;6
53;17;;2;40;7
63;19;100;1;;7
71;19;100;2;80;8
56;18;90;2;75;8
27;10;;3;0;
71;20;0;1;;7
29;12;100;3;30;7
29;15;100;3;20;7
68;15;;1;;7
45;12;100;4;45;8
60;18;0;3;50;8
69;19;;1;;8
69;7;;1;;7
45;11;;3;0;
22;16;70;3;70;9
18;11;;4;0;
29;10;100;4;60;8
71;8;;2;50;7
49;20;70;5;45;8
38;16;50;4;30;7
70;11;;2;60;7
60;15;100;1;;7
38;10;100;4;50;6
49;15;0;4;0;
20;14;0;2;42;7
51;15;100;4;60;8
45;16;100;5;55;10
72;9;100;1;;7
45;10;100;1;;7
20;12;;4;0;
67;16;100;2;70;8
37;12;100;4;75;7
43;14;100;4;60;8
35;17;100;3;70;8
45;13;80;4;100;8
47;22;100;2;100;8
24;15;100;5;10;7
28;14;100;4;20;6
54;16;100;3;90;9
19;13;0;4;0;
22;11;;5;0;
54;10;100;4;70;7
51;17;100;4;60;8
47;16;100;2;50;8
45;14;60;4;100;8
54;18;100;5;10;7
41;12;;6;10;6
36;18;100;4;90;7
52;19;30;1;;8
27;15;100;2;100;7
47;15;;3;0;
49;15;100;2;70;9
68;4;;2;30;7
64;15;100;1;;7
47;18;100;3;75;9
58;19;100;2;90;9
61;11;;1;;7
64;12;;2;50;7
53;14;100;4;50;8
64;17;100;1;;7
58;10;0;3;60;8
35;15;90;3;;8
38;14;100;2;60;7
76;22;100;1;;7
46;12;100;4;100;9
23;16;60;1;;6
53;16;100;3;50;8
49;12;;5;0;
35;13;100;4;5;5
50;16;100;4;50;7
71;12;;3;50;7
47;17;100;3;100;8
46;15;100;3;49;7
59;15;100;3;70;8
23;15;100;3;90;8
63;8;100;3;70;8
62;15;;3;30;7
60;8;0;4;50;7
60;13;;3;40;6
54;16;100;4;100;
62;10;;2;;
47;15;;5;20;8
26;15;100;3;100;8
52;18;100;3;100;9
63;16;0;2;100;8
28;15;100;3;100;9
21;14;;3;40;8
38;13;100;8;48;7
20;13;0;4;0;
30;15;100;4;90;9
51;11;100;4;60;8
69;18;100;2;70;8
58;14;100;2;100;8
62;7;100;2;70;8
48;16;100;2;30;7
75;11;0;3;100;7
37;18;100;3;35;7
26;10;100;6;33;7
50;13;100;3;40;8
21;14;;5;0;
45;15;100;5;80;9
57;16;100;1;;7
72;17;;2;40;7
30;12;100;4;80;8
66;19;;1;;7
54;23;50;4;80;8
31;16;100;3;100;10
22;13;90;2;70;8
56;10;100;8;19;7
23;12;75;2;;7
61;10;100;2;65;7
18;12;;3;0;
30;15;100;3;100;8
25;13;100;4;100;9
39;11;100;2;100;8
50;17;100;1;;9
53;15;;5;0;
58;10;100;3;60;7
43;12;100;4;99;8
43;14;100;5;40;8
62;10;;2;50;7
42;10;100;2;90;8
56;14;100;2;100;8
29;15;100;2;100;8
28;15;100;2;90;8
46;15;100;2;100;8
24;9;;7;0;
58;13;;1;;7
46;12;100;4;100;7
19;13;;3;0;
71;10;;3;60;7
52;11;100;3;100;7
43;10;100;3;70;8
21;14;;2;0;
43;10;100;4;70;9
80;11;;1;;7
44;13;100;4;50;8
36;12;100;3;70;8
76;7;;2;50;6
30;12;100;2;100;7
46;13;100;4;70;8
33;11;;5;30;7
31;15;100;1;;8
22;11;;3;0;
46;10;;3;70;7
44;9;;3;50;6
40;12;100;4;100;8
59;15;100;3;35;8
59;8;100;1;;7
36;12;100;3;50;8
74;8;;1;;7
24;12;100;2;100;8
59;12;100;2;60;7
52;11;100;3;50;8
22;11;100;2;40;7
61;13;100;3;40;8
54;10;100;1;;7
48;13;100;2;50;6
30;11;;3;0;
20;10;100;4;20;7
21;16;;2;70;7
70;4;;2;100;7
32;11;100;4;60;8
47;15;0;5;67;8
46;17;100;3;100;10
23;13;;3;0;
40;16;100;1;;7
20;12;;4;0;
50;13;;2;60;6
51;11;100;3;100;7
45;10;100;2;90;9
64;15;100;3;30;7
61;13;;3;30;7
60;13;100;2;50;8
24;13;;3;0;
50;9;100;5;40;5
21;15;;3;0;
43;12;100;4;25;8
26;13;100;3;30;7
37;12;100;4;30;7
25;11;100;2;60;8
18;11;100;4;10;7
42;12;100;5;70;8
62;6;;1;;7
27;16;;4;5;7
30;14;0;1;;7
29;11;100;3;80;8
34;14;100;3;60;8
38;13;100;3;65;8
50;24;100;3;50;7
50;18;;2;70;8
28;15;100;3;50;8
69;8;;2;40;7
75;6;;2;60;7
48;14;100;3;40;8
44;12;100;6;25;6
29;11;100;1;;6
50;18;75;3;50;8
47;15;100;6;40;8
30;15;30;5;40;8
52;11;100;4;20;7
40;18;30;3;70;9
69;15;;2;50;7
37;12;100;3;95;9
49;8;;6;25;6
24;15;99;5;40;8
39;11;100;4;50;8
48;16;60;2;70;8
50;17;100;4;30;7
61;7;;2;50;7
38;11;;6;13;6
80;9;;2;60;7
30;12;100;3;50;8
39;14;100;5;35;7
30;10;;1;;6
27;11;100;3;25;7
45;16;100;4;60;8
24;15;100;3;90;7
47;13;0;4;70;6
28;13;100;4;60;8
24;11;100;3;70;8
51;15;;3;10;7
44;10;0;6;0;
50;7;;2;50;7
47;17;100;5;20;7
30;10;;4;30;6
39;16;100;1;;8
22;13;100;2;60;8
29;11;100;3;60;7
45;17;100;5;70;9
50;14;100;3;100;9
50;12;100;3;60;8
56;11;;3;30;7
39;14;100;4;50;8
52;13;100;2;40;8
47;10;;4;25;7
28;13;100;3;70;10
25;10;100;3;70;8
45;10;40;3;100;8
86;6;;3;40;7
32;13;100;3;50;8
61;9;;2;50;7
41;14;100;1;;8
60;16;;2;75;7
52;12;0;3;25;8
74;4;;2;100;7
31;10;;5;10;6
52;12;100;1;;7
50;11;100;2;60;8
30;11;100;3;80;9
43;8;;4;10;6
52;15;0;2;50;7
51;10;100;2;30;7
23;14;100;3;30;7
48;13;100;3;70;8
69;8;0;2;95;7
41;13;100;2;100;9
78;0;;5;20;7
46;14;100;2;100;7
25;15;100;2;90;9
18;9;;5;0;
42;10;100;5;10;5
40;15;100;4;40;7
78;4;;1;;7
51;11;100;2;85;9
66;8;;1;;7
48;10;;1;;7
42;11;100;2;60;8
83;13;;1;;7
55;10;100;2;60;7
68;10;;1;;7
22;14;;4;0;
48;14;100;4;45;7
42;13;100;2;100;9
43;13;80;2;;7
54;18;100;2;20;7
28;13;100;3;50;8
35;12;100;3;95;8
19;10;0;6;10;6
69;19;100;1;;7
72;12;100;2;;7
53;16;100;3;20;7
59;16;100;3;40;7
72;15;;2;10;6
55;11;100;3;15;7
72;10;;5;25;7
54;16;100;5;25;8
50;12;100;5;20;7
54;19;100;2;30;7
71;10;;1;;7
84;7;;1;;7
63;12;100;3;70;7
50;14;100;2;70;9
18;12;90;2;20;7
38;15;0;3;100;9
22;11;50;1;;7
38;10;100;4;80;9
38;14;100;2;80;8
61;15;100;2;60;8
75;13;;4;20;7
60;15;;3;24;7
70;15;;6;12;7
63;10;;2;49;7
34;14;100;2;80;8
82;10;;2;60;8
71;10;;2;50;7
60;12;;2;40;7
39;15;100;4;66;8
41;12;100;2;30;7
69;10;;3;30;7
62;8;;2;30;6
68;12;100;2;60;8
29;13;100;3;30;7
39;17;100;1;;8
62;18;100;3;95;9
27;15;;2;90;8
61;13;100;2;50;7
34;15;100;4;60;9
23;15;0;2;0;
67;4;;2;90;7
61;13;100;3;50;7
67;6;100;2;70;7
56;15;50;2;90;7
39;15;100;3;50;8
70;10;;1;;7
44;10;100;2;20;7
18;11;;1;100;8
25;11;100;3;40;8
40;15;0;1;;8
61;13;100;2;100;7
60;11;100;2;70;8
30;15;100;2;100;9
61;10;;4;40;7
61;11;;1;;7
34;12;100;1;;7
59;10;100;1;;7
51;13;100;2;30;7
37;11;100;5;100;8
51;8;100;3;80;8
78;12;;1;;7
72;10;;1;;7
38;13;100;3;95;9
73;10;;2;50;7
46;19;100;4;50;8
60;12;100;3;30;7
39;16;80;3;20;7
52;19;20;1;;8
33;19;60;3;45;8
27;11;60;3;100;8
31;11;100;3;50;8
30;15;;5;0;
35;16;;3;40;8
20;13;0;3;10;6
40;15;0;2;70;7
53;17;100;2;100;8
58;22;100;3;50;9
66;15;;2;70;8
70;16;;4;;
86;4;;1;;7
65;23;100;5;50;8
57;15;100;2;30;8
39;11;60;4;100;10
53;25;60;3;60;9
72;3;;1;;7
64;19;;1;;7
74;8;;2;60;7
42;15;100;4;50;8
70;13;;4;40;7
72;4;;1;;7
60;15;;2;35;7
65;9;;1;;7
86;3;;3;30;6
34;12;100;1;;8
70;17;;2;50;7
30;12;100;5;60;6
28;15;100;3;60;8
64;10;100;2;30;7
42;12;100;3;40;7
38;12;;6;0;
47;9;;2;30;6
43;12;100;4;80;8
43;9;100;4;100;10
68;8;;1;;7
69;5;;2;55;7
36;15;100;3;55;8
63;13;100;1;;7
34;16;100;2;60;7
66;16;;1;;7
52;16;;2;0;
35;10;100;2;20;6
72;9;;2;30;7
48;14;100;2;100;8
69;4;;1;;6
43;10;40;3;60;7
74;10;;2;50;7
61;15;;1;;7
64;15;;2;50;7
39;14;100;4;100;8
29;15;100;3;20;6
22;12;;2;100;8
32;17;100;4;25;6
25;14;100;4;50;7
59;6;;2;60;7
71;8;;1;;6
49;18;100;6;;7
30;13;100;4;30;7
42;11;100;2;50;6
58;12;100;3;20;6
53;17;100;1;;7
69;6;;1;;7
28;15;;4;0;
69;8;;1;;7
54;7;100;4;100;6
76;0;;1;;6
71;8;;1;;7
30;14;100;3;60;8
42;9;100;1;;8
37;12;0;1;;6
85;15;;1;;7
62;9;;2;50;7
80;7;;2;60;7
28;11;100;1;;8
19;11;;3;5;5
55;10;;1;;7
41;11;100;3;100;8
20;10;0;3;;10
35;15;100;3;40;7
55;13;100;2;30;7
53;13;;2;50;7
64;10;;4;20;7
32;16;100;3;40;7
63;14;;1;;7
55;15;100;3;45;7
33;14;100;4;100;
41;17;100;3;100;8
51;8;100;3;35;6
57;10;100;2;60;6
42;16;100;4;100;8
86;;;1;;6
22;13;100;3;60;6
65;7;;2;90;7
50;13;;2;20;5
64;17;;1;;7
69;4;;3;10;6
76;4;;1;;7
55;7;;2;50;7
45;12;;2;50;
50;11;;2;0;
33;12;60;2;50;8
30;12;100;1;;8
30;15;90;3;100;8
61;12;100;2;60;8
45;18;100;4;30;8
63;9;;1;;7
23;13;100;1;;7
29;14;100;5;90;8
32;14;95;2;75;8
23;10;100;3;70;8
34;15;70;3;70;8
22;13;50;2;70;8
43;14;100;3;40;8
25;11;80;1;;8
24;11;100;1;;8
62;11;;3;50;7
29;14;100;3;40;7
74;7;;4;20;8
39;17;70;4;50;8
39;17;90;4;50;8
52;12;100;2;50;8
25;13;90;4;30;8
87;7;;1;;7
30;15;30;3;50;8
27;16;75;1;;8
50;14;100;1;;
37;14;100;4;40;7
21;15;100;5;40;9
67;5;;1;;7
36;17;70;4;90;10
27;12;100;2;100;8
29;10;100;3;10;6
50;11;100;1;;7
26;11;100;3;100;9
32;10;100;4;20;7
30;13;75;3;33;8
75;7;;3;25;7
26;10;100;4;10;6
44;16;100;3;50;9
54;15;100;2;100;8
28;12;100;4;35;8
28;11;;2;0;
19;13;90;2;70;8
25;11;100;1;;8
36;13;100;3;50;8
26;12;100;3;60;7
26;12;90;3;90;9
59;7;;2;40;7
37;12;100;2;50;8
76;3;;2;50;7
75;3;;1;;7
26;12;100;2;66;7
68;3;;1;;7
56;8;;1;;7
43;10;;4;0;
64;7;;1;;7
22;10;;3;0;
39;10;100;3;50;7
58;16;;2;50;7
75;3;;1;;7
38;15;100;2;38;6
62;14;;2;50;7
20;12;;3;0;
85;3;;1;;7
71;0;;1;;7
61;10;;2;50;7
47;13;;5;20;7
41;10;100;4;60;7
40;13;;4;0;
32;14;;3;0;
63;4;;2;60;7
25;10;;5;0;
40;10;100;4;60;8
45;13;100;3;60;7
38;10;100;4;30;7
63;14;;2;50;7
37;10;100;1;;7
54;7;;2;45;7
26;12;;4;0;
60;10;;3;45;7
33;14;;6;0;
70;3;;4;65;7
50;11;100;1;;6
77;3;;7;43;7
49;8;;3;0;
49;13;100;2;50;7
67;8;;1;;7
46;13;100;3;40;7
86;0;;1;;7
50;13;100;2;70;7
62;8;;3;40;7
75;3;;2;60;7
41;12;100;4;100;7
22;12;;6;0;
67;8;;1;;7
29;13;100;4;50;8
43;15;100;4;50;8
44;17;;4;0;
71;5;;3;60;7
39;14;100;5;70;6
58;10;;5;0;
60;7;;2;;
24;12;;4;0;
46;14;100;2;50;7
37;12;100;5;80;7
35;12;100;4;100;7
62;10;;5;100;6
69;5;;1;;6
20;13;;5;0;
